Pair,Rater_1_Strat,Rater_2_Strat,Rater_1_Gen,Rater_2_Gen
V,1.0,1.0,PAUSE,PAUSE
V,1.0,1.0,PAUSE,PAUSE
V,1.0,1.0,PAUSE,PAUSE
V,1.0,1.0,PAUSE,PAUSE
V,2.0,2.0,ROTATE,ROTATE
V,1.0,inf,PAUSE,INF
V,2.0,1.0,ROTATE,PAUSE
V,2.0,2.0,ROTATE,ROTATE
V,2.0,2.0,ROTATE,ROTATE
V,1.0,1.0,PAUSE,PAUSE
V,5.0,5.0,WIGGLE,WIGGLE
V,1.0,1.0,PAUSE,PAUSE
V,1.0,1.0,PAUSE,PAUSE
V,5.0,5.0,WIGGLE,WIGGLE
V,1.0,1.0,PAUSE,PAUSE
V,1.0,1.0,PAUSE,PAUSE
V,2.0,2.0,ROTATE,ROTATE
V,5.0,5.0,WIGGLE,WIGGLE
V,1.0,1.0,PAUSE,PAUSE
V,7.0,7.0,WIGGLE,WIGGLE
V,1.0,1.0,PAUSE,PAUSE
V,1.0,1.0,PAUSE,PAUSE
V,1.0,1.0,PAUSE,PAUSE
V,7.0,5.0,WIGGLE,WIGGLE
V,1.0,1.0,PAUSE,PAUSE
V,2.0,14.0,ROTATE,ROTATE
V,inf,inf,INF,INF
V,8.0,7.0,WIGGLE,WIGGLE
V,7.0,7.0,WIGGLE,WIGGLE
V,1.0,1.0,PAUSE,PAUSE
V,7.0,7.0,WIGGLE,WIGGLE
V,8.0,7.0,WIGGLE,WIGGLE
V,7.0,7.0,WIGGLE,WIGGLE
V,inf,inf,INF,INF
V,7.0,7.0,WIGGLE,WIGGLE
V,8.0,8.0,WIGGLE,WIGGLE
V,7.0,7.0,WIGGLE,WIGGLE
V,7.0,8.0,WIGGLE,WIGGLE
V,1.0,8.0,PAUSE,WIGGLE
V,7.0,8.0,WIGGLE,WIGGLE
V,7.0,7.0,WIGGLE,WIGGLE
V,8.0,8.0,WIGGLE,WIGGLE
V,8.0,8.0,WIGGLE,WIGGLE
V,7.0,7.0,WIGGLE,WIGGLE
V,8.0,7.0,WIGGLE,WIGGLE
V,1.0,1.0,PAUSE,PAUSE
V,7.0,7.0,WIGGLE,WIGGLE
V,1.0,1.0,PAUSE,PAUSE
V,7.0,7.0,WIGGLE,WIGGLE
V,1.0,1.0,PAUSE,PAUSE
V,1.0,1.0,PAUSE,PAUSE
V,8.0,7.0,WIGGLE,WIGGLE
V,7.0,7.0,WIGGLE,WIGGLE
V,7.0,7.0,WIGGLE,WIGGLE
V,7.0,7.0,WIGGLE,WIGGLE
V,7.0,7.0,WIGGLE,WIGGLE
V,8.0,7.0,WIGGLE,WIGGLE
V,1.0,1.0,PAUSE,PAUSE
V,1.0,1.0,PAUSE,PAUSE
V,1.0,1.0,PAUSE,PAUSE
V,7.0,7.0,WIGGLE,WIGGLE
V,8.0,7.0,WIGGLE,WIGGLE
V,7.0,7.0,WIGGLE,WIGGLE
V,7.0,7.0,WIGGLE,WIGGLE
V,7.0,7.0,WIGGLE,WIGGLE
V,7.0,7.0,WIGGLE,WIGGLE
V,7.0,7.0,WIGGLE,WIGGLE
V,7.0,7.0,WIGGLE,WIGGLE
V,7.0,7.0,WIGGLE,WIGGLE
V,1.0,1.0,PAUSE,PAUSE
V,7.0,7.0,WIGGLE,WIGGLE
V,8.0,7.0,WIGGLE,WIGGLE
V,7.0,7.0,WIGGLE,WIGGLE
V,1.0,1.0,PAUSE,PAUSE
V,8.0,7.0,WIGGLE,WIGGLE
V,7.0,7.0,WIGGLE,WIGGLE
V,7.0,7.0,WIGGLE,WIGGLE
V,1.0,1.0,PAUSE,PAUSE
V,7.0,7.0,WIGGLE,WIGGLE
V,1.0,1.0,PAUSE,PAUSE
H,1.0,1.0,PAUSE,PAUSE
H,1.0,1.0,PAUSE,PAUSE
H,1.0,1.0,PAUSE,PAUSE
H,1.0,1.0,PAUSE,PAUSE
H,10.0,13.0,CIRCLE,CIRCLE
H,inf,inf,INF,INF
H,1.0,1.0,PAUSE,PAUSE
H,10.0,inf,CIRCLE,INF
H,10.0,13.0,CIRCLE,CIRCLE
H,1.0,1.0,PAUSE,PAUSE
H,10.0,13.0,CIRCLE,CIRCLE
H,12.0,12.0,LINE,LINE
H,1.0,1.0,PAUSE,PAUSE
H,12.0,12.0,LINE,LINE
H,1.0,1.0,PAUSE,PAUSE
H,1.0,1.0,PAUSE,PAUSE
H,2.0,2.0,ROTATE,ROTATE
H,12.0,12.0,LINE,LINE
H,12.0,12.0,LINE,LINE
H,12.0,12.0,LINE,LINE
H,1.0,1.0,PAUSE,PAUSE
H,12.0,12.0,LINE,LINE
H,1.0,1.0,PAUSE,PAUSE
H,12.0,12.0,LINE,LINE
H,1.0,1.0,PAUSE,PAUSE
H,5.0,5.0,WIGGLE,WIGGLE
H,12.0,12.0,LINE,LINE
H,13.0,13.0,CIRCLE,CIRCLE
H,10.0,13.0,CIRCLE,CIRCLE
H,1.0,1.0,PAUSE,PAUSE
H,10.0,10.0,CIRCLE,CIRCLE
H,13.0,13.0,CIRCLE,CIRCLE
H,10.0,13.0,CIRCLE,CIRCLE
H,6.0,11.0,WIGGLE,CIRCLE
H,6.0,12.0,WIGGLE,LINE
H,11.0,11.0,CIRCLE,CIRCLE
H,12.0,12.0,LINE,LINE
H,12.0,12.0,LINE,LINE
H,12.0,12.0,LINE,LINE
H,11.0,11.0,CIRCLE,CIRCLE
H,11.0,11.0,CIRCLE,CIRCLE
H,11.0,11.0,CIRCLE,CIRCLE
H,11.0,11.0,CIRCLE,CIRCLE
H,11.0,11.0,CIRCLE,CIRCLE
H,11.0,11.0,CIRCLE,CIRCLE
H,11.0,11.0,CIRCLE,CIRCLE
H,11.0,11.0,CIRCLE,CIRCLE
H,11.0,11.0,CIRCLE,CIRCLE
H,11.0,11.0,CIRCLE,CIRCLE
H,11.0,11.0,CIRCLE,CIRCLE
H,1.0,1.0,PAUSE,PAUSE
H,11.0,11.0,CIRCLE,CIRCLE
H,11.0,11.0,CIRCLE,CIRCLE
H,11.0,11.0,CIRCLE,CIRCLE
H,11.0,11.0,CIRCLE,CIRCLE
H,11.0,11.0,CIRCLE,CIRCLE
H,11.0,11.0,CIRCLE,CIRCLE
H,11.0,11.0,CIRCLE,CIRCLE
H,1.0,1.0,PAUSE,PAUSE
H,11.0,11.0,CIRCLE,CIRCLE
H,11.0,11.0,CIRCLE,CIRCLE
H,11.0,11.0,CIRCLE,CIRCLE
H,11.0,11.0,CIRCLE,CIRCLE
H,11.0,11.0,CIRCLE,CIRCLE
H,11.0,11.0,CIRCLE,CIRCLE
H,11.0,11.0,CIRCLE,CIRCLE
H,11.0,11.0,CIRCLE,CIRCLE
H,11.0,11.0,CIRCLE,CIRCLE
H,11.0,11.0,CIRCLE,CIRCLE
H,11.0,11.0,CIRCLE,CIRCLE
H,11.0,11.0,CIRCLE,CIRCLE
H,11.0,11.0,CIRCLE,CIRCLE
H,11.0,11.0,CIRCLE,CIRCLE
H,11.0,11.0,CIRCLE,CIRCLE
H,11.0,11.0,CIRCLE,CIRCLE
H,11.0,11.0,CIRCLE,CIRCLE
H,11.0,11.0,CIRCLE,CIRCLE
H,11.0,11.0,CIRCLE,CIRCLE
H,11.0,11.0,CIRCLE,CIRCLE
H,11.0,11.0,CIRCLE,CIRCLE
O,1.0,1.0,PAUSE,PAUSE
O,1.0,1.0,PAUSE,PAUSE
O,1.0,1.0,PAUSE,PAUSE
O,1.0,1.0,PAUSE,PAUSE
O,2.0,2.0,ROTATE,ROTATE
O,2.0,2.0,ROTATE,ROTATE
O,2.0,1.0,ROTATE,PAUSE
O,2.0,2.0,ROTATE,ROTATE
O,2.0,2.0,ROTATE,ROTATE
O,1.0,1.0,PAUSE,PAUSE
O,4.0,4.0,LINE,LINE
O,1.0,1.0,PAUSE,PAUSE
O,1.0,1.0,PAUSE,PAUSE
O,1.0,1.0,PAUSE,PAUSE
O,1.0,1.0,PAUSE,PAUSE
O,1.0,1.0,PAUSE,PAUSE
O,2.0,2.0,ROTATE,ROTATE
O,1.0,1.0,PAUSE,PAUSE
O,1.0,1.0,PAUSE,PAUSE
O,1.0,1.0,PAUSE,PAUSE
O,1.0,1.0,PAUSE,PAUSE
O,1.0,1.0,PAUSE,PAUSE
O,1.0,1.0,PAUSE,PAUSE
O,1.0,12.0,PAUSE,LINE
O,1.0,1.0,PAUSE,PAUSE
O,1.0,12.0,PAUSE,LINE
O,14.0,14.0,ROTATE,ROTATE
O,5.0,5.0,WIGGLE,WIGGLE
O,1.0,1.0,PAUSE,PAUSE
O,5.0,5.0,WIGGLE,WIGGLE
O,1.0,1.0,PAUSE,PAUSE
O,5.0,5.0,WIGGLE,WIGGLE
O,5.0,5.0,WIGGLE,WIGGLE
O,1.0,1.0,PAUSE,PAUSE
O,5.0,5.0,WIGGLE,WIGGLE
O,5.0,5.0,WIGGLE,WIGGLE
O,5.0,5.0,WIGGLE,WIGGLE
O,5.0,5.0,WIGGLE,WIGGLE
O,inf,inf,INF,INF
O,5.0,5.0,WIGGLE,WIGGLE
O,5.0,5.0,WIGGLE,WIGGLE
O,5.0,5.0,WIGGLE,WIGGLE
O,5.0,5.0,WIGGLE,WIGGLE
O,5.0,5.0,WIGGLE,WIGGLE
O,5.0,5.0,WIGGLE,WIGGLE
O,5.0,5.0,WIGGLE,WIGGLE
O,1.0,1.0,PAUSE,PAUSE
O,1.0,1.0,PAUSE,PAUSE
O,5.0,5.0,WIGGLE,WIGGLE
O,1.0,1.0,PAUSE,PAUSE
O,1.0,1.0,PAUSE,PAUSE
O,5.0,5.0,WIGGLE,WIGGLE
O,1.0,1.0,PAUSE,PAUSE
O,5.0,5.0,WIGGLE,WIGGLE
O,3.0,1.0,LINE,PAUSE
O,5.0,5.0,WIGGLE,WIGGLE
O,5.0,7.0,WIGGLE,WIGGLE
O,1.0,1.0,PAUSE,PAUSE
O,1.0,1.0,PAUSE,PAUSE
O,1.0,1.0,PAUSE,PAUSE
O,5.0,5.0,WIGGLE,WIGGLE
O,5.0,5.0,WIGGLE,WIGGLE
O,5.0,5.0,WIGGLE,WIGGLE
O,5.0,5.0,WIGGLE,WIGGLE
O,5.0,5.0,WIGGLE,WIGGLE
O,5.0,5.0,WIGGLE,WIGGLE
O,5.0,5.0,WIGGLE,WIGGLE
O,5.0,5.0,WIGGLE,WIGGLE
O,5.0,5.0,WIGGLE,WIGGLE
O,1.0,1.0,PAUSE,PAUSE
O,5.0,5.0,WIGGLE,WIGGLE
O,5.0,5.0,WIGGLE,WIGGLE
O,5.0,5.0,WIGGLE,WIGGLE
O,1.0,1.0,PAUSE,PAUSE
O,5.0,5.0,WIGGLE,WIGGLE
O,5.0,5.0,WIGGLE,WIGGLE
O,5.0,5.0,WIGGLE,WIGGLE
O,1.0,1.0,PAUSE,PAUSE
O,5.0,6.0,WIGGLE,WIGGLE
O,1.0,1.0,PAUSE,PAUSE
M,1.0,1.0,PAUSE,PAUSE
M,1.0,1.0,PAUSE,PAUSE
M,1.0,1.0,PAUSE,PAUSE
M,1.0,inf,PAUSE,INF
M,2.0,2.0,ROTATE,ROTATE
M,2.0,2.0,ROTATE,ROTATE
M,1.0,1.0,PAUSE,PAUSE
M,2.0,2.0,ROTATE,ROTATE
M,2.0,2.0,ROTATE,ROTATE
M,1.0,1.0,PAUSE,PAUSE
M,7.0,7.0,WIGGLE,WIGGLE
M,1.0,1.0,PAUSE,PAUSE
M,1.0,1.0,PAUSE,PAUSE
M,1.0,1.0,PAUSE,PAUSE
M,1.0,1.0,PAUSE,PAUSE
M,1.0,1.0,PAUSE,PAUSE
M,2.0,2.0,ROTATE,ROTATE
M,1.0,1.0,PAUSE,PAUSE
M,1.0,1.0,PAUSE,PAUSE
M,1.0,1.0,PAUSE,PAUSE
M,1.0,1.0,PAUSE,PAUSE
M,1.0,1.0,PAUSE,PAUSE
M,1.0,1.0,PAUSE,PAUSE
M,1.0,12.0,PAUSE,LINE
M,1.0,1.0,PAUSE,PAUSE
M,4.0,12.0,LINE,LINE
M,14.0,14.0,ROTATE,ROTATE
M,4.0,1.0,LINE,PAUSE
M,5.0,7.0,WIGGLE,WIGGLE
M,1.0,1.0,PAUSE,PAUSE
M,5.0,5.0,WIGGLE,WIGGLE
M,1.0,1.0,PAUSE,PAUSE
M,5.0,5.0,WIGGLE,WIGGLE
M,1.0,1.0,PAUSE,PAUSE
M,5.0,5.0,WIGGLE,WIGGLE
M,1.0,1.0,PAUSE,PAUSE
M,5.0,5.0,WIGGLE,WIGGLE
M,1.0,1.0,PAUSE,PAUSE
M,5.0,5.0,WIGGLE,WIGGLE
M,1.0,1.0,PAUSE,PAUSE
M,5.0,5.0,WIGGLE,WIGGLE
M,1.0,1.0,PAUSE,PAUSE
M,5.0,5.0,WIGGLE,WIGGLE
M,1.0,1.0,PAUSE,PAUSE
M,5.0,5.0,WIGGLE,WIGGLE
M,1.0,1.0,PAUSE,PAUSE
M,5.0,7.0,WIGGLE,WIGGLE
M,1.0,inf,PAUSE,INF
M,5.0,6.0,WIGGLE,WIGGLE
M,1.0,1.0,PAUSE,PAUSE
M,1.0,1.0,PAUSE,PAUSE
M,1.0,inf,PAUSE,INF
M,7.0,7.0,WIGGLE,WIGGLE
M,1.0,1.0,PAUSE,PAUSE
M,7.0,7.0,WIGGLE,WIGGLE
M,1.0,1.0,PAUSE,PAUSE
M,7.0,7.0,WIGGLE,WIGGLE
M,1.0,1.0,PAUSE,PAUSE
M,1.0,1.0,PAUSE,PAUSE
M,1.0,1.0,PAUSE,PAUSE
M,7.0,7.0,WIGGLE,WIGGLE
M,1.0,1.0,PAUSE,PAUSE
M,5.0,7.0,WIGGLE,WIGGLE
M,1.0,inf,PAUSE,INF
M,5.0,7.0,WIGGLE,WIGGLE
M,1.0,1.0,PAUSE,PAUSE
M,5.0,7.0,WIGGLE,WIGGLE
M,1.0,1.0,PAUSE,PAUSE
M,5.0,7.0,WIGGLE,WIGGLE
M,5.0,1.0,WIGGLE,PAUSE
M,5.0,7.0,WIGGLE,WIGGLE
M,1.0,1.0,PAUSE,PAUSE
M,7.0,7.0,WIGGLE,WIGGLE
M,inf,inf,INF,INF
M,7.0,7.0,WIGGLE,WIGGLE
M,1.0,inf,PAUSE,INF
M,7.0,7.0,WIGGLE,WIGGLE
M,1.0,1.0,PAUSE,PAUSE
M,7.0,7.0,WIGGLE,WIGGLE
M,1.0,1.0,PAUSE,PAUSE
R,1.0,1.0,PAUSE,PAUSE
R,1.0,1.0,PAUSE,PAUSE
R,1.0,1.0,PAUSE,PAUSE
R,1.0,1.0,PAUSE,PAUSE
R,12.0,12.0,LINE,LINE
R,2.0,2.0,ROTATE,ROTATE
R,1.0,1.0,PAUSE,PAUSE
R,2.0,2.0,ROTATE,ROTATE
R,2.0,2.0,ROTATE,ROTATE
R,1.0,1.0,PAUSE,PAUSE
R,8.0,7.0,WIGGLE,WIGGLE
R,9.0,15.0,WIGGLE,WIGGLE
R,1.0,1.0,PAUSE,PAUSE
R,12.0,12.0,LINE,LINE
R,1.0,1.0,PAUSE,PAUSE
R,1.0,1.0,PAUSE,PAUSE
R,2.0,2.0,ROTATE,ROTATE
R,12.0,15.0,LINE,WIGGLE
R,1.0,1.0,PAUSE,PAUSE
R,12.0,15.0,LINE,WIGGLE
R,1.0,1.0,PAUSE,PAUSE
R,1.0,1.0,PAUSE,PAUSE
R,1.0,1.0,PAUSE,PAUSE
R,12.0,12.0,LINE,LINE
R,1.0,1.0,PAUSE,PAUSE
R,9.0,12.0,WIGGLE,LINE
R,9.0,17.0,WIGGLE,ROTATE
R,9.0,17.0,WIGGLE,ROTATE
R,9.0,17.0,WIGGLE,ROTATE
R,1.0,1.0,PAUSE,PAUSE
R,12.0,17.0,LINE,ROTATE
R,9.0,17.0,WIGGLE,ROTATE
R,9.0,17.0,WIGGLE,ROTATE
R,9.0,17.0,WIGGLE,ROTATE
R,9.0,17.0,WIGGLE,ROTATE
R,9.0,17.0,WIGGLE,ROTATE
R,9.0,17.0,WIGGLE,ROTATE
R,9.0,17.0,WIGGLE,ROTATE
R,9.0,17.0,WIGGLE,ROTATE
R,9.0,17.0,WIGGLE,ROTATE
R,9.0,17.0,WIGGLE,ROTATE
R,9.0,17.0,WIGGLE,ROTATE
R,9.0,17.0,WIGGLE,ROTATE
R,9.0,17.0,WIGGLE,ROTATE
R,9.0,17.0,WIGGLE,ROTATE
R,1.0,1.0,PAUSE,PAUSE
R,9.0,17.0,WIGGLE,ROTATE
R,1.0,1.0,PAUSE,PAUSE
R,9.0,17.0,WIGGLE,ROTATE
R,1.0,1.0,PAUSE,PAUSE
R,1.0,1.0,PAUSE,PAUSE
R,12.0,17.0,LINE,ROTATE
R,9.0,17.0,WIGGLE,ROTATE
R,9.0,17.0,WIGGLE,ROTATE
R,9.0,17.0,WIGGLE,ROTATE
R,9.0,17.0,WIGGLE,ROTATE
R,9.0,17.0,WIGGLE,ROTATE
R,1.0,1.0,PAUSE,PAUSE
R,1.0,1.0,PAUSE,PAUSE
R,1.0,1.0,PAUSE,PAUSE
R,9.0,17.0,WIGGLE,ROTATE
R,9.0,17.0,WIGGLE,ROTATE
R,9.0,17.0,WIGGLE,ROTATE
R,9.0,17.0,WIGGLE,ROTATE
R,9.0,17.0,WIGGLE,ROTATE
R,9.0,17.0,WIGGLE,ROTATE
R,9.0,17.0,WIGGLE,ROTATE
R,9.0,17.0,WIGGLE,ROTATE
R,9.0,17.0,WIGGLE,ROTATE
R,1.0,1.0,PAUSE,PAUSE
R,9.0,17.0,WIGGLE,ROTATE
R,9.0,17.0,WIGGLE,ROTATE
R,9.0,17.0,WIGGLE,ROTATE
R,1.0,1.0,PAUSE,PAUSE
R,15.0,17.0,WIGGLE,ROTATE
R,9.0,17.0,WIGGLE,ROTATE
R,1.0,17.0,PAUSE,ROTATE
R,1.0,1.0,PAUSE,PAUSE
R,1.0,17.0,PAUSE,ROTATE
R,1.0,1.0,PAUSE,PAUSE
U,1.0,1.0,PAUSE,PAUSE
U,1.0,1.0,PAUSE,PAUSE
U,1.0,1.0,PAUSE,PAUSE
U,1.0,1.0,PAUSE,PAUSE
U,2.0,2.0,ROTATE,ROTATE
U,2.0,2.0,ROTATE,ROTATE
U,1.0,1.0,PAUSE,PAUSE
U,2.0,2.0,ROTATE,ROTATE
U,2.0,2.0,ROTATE,ROTATE
U,1.0,1.0,PAUSE,PAUSE
U,3.0,12.0,LINE,LINE
U,1.0,1.0,PAUSE,PAUSE
U,3.0,1.0,LINE,PAUSE
U,3.0,1.0,LINE,PAUSE
U,1.0,1.0,PAUSE,PAUSE
U,1.0,1.0,PAUSE,PAUSE
U,2.0,2.0,ROTATE,ROTATE
U,3.0,12.0,LINE,LINE
U,1.0,1.0,PAUSE,PAUSE
U,1.0,1.0,PAUSE,PAUSE
U,1.0,1.0,PAUSE,PAUSE
U,1.0,1.0,PAUSE,PAUSE
U,1.0,1.0,PAUSE,PAUSE
U,3.0,1.0,LINE,PAUSE
U,1.0,1.0,PAUSE,PAUSE
U,14.0,2.0,ROTATE,ROTATE
U,14.0,2.0,ROTATE,ROTATE
U,1.0,1.0,PAUSE,PAUSE
U,1.0,1.0,PAUSE,PAUSE
U,1.0,1.0,PAUSE,PAUSE
U,3.0,1.0,LINE,PAUSE
U,1.0,1.0,PAUSE,PAUSE
U,1.0,1.0,PAUSE,PAUSE
U,1.0,1.0,PAUSE,PAUSE
U,1.0,1.0,PAUSE,PAUSE
U,1.0,1.0,PAUSE,PAUSE
U,1.0,1.0,PAUSE,PAUSE
U,1.0,1.0,PAUSE,PAUSE
U,6.0,1.0,WIGGLE,PAUSE
U,1.0,1.0,PAUSE,PAUSE
U,1.0,1.0,PAUSE,PAUSE
U,1.0,1.0,PAUSE,PAUSE
U,1.0,1.0,PAUSE,PAUSE
U,1.0,1.0,PAUSE,PAUSE
U,4.0,1.0,LINE,PAUSE
U,1.0,1.0,PAUSE,PAUSE
U,1.0,inf,PAUSE,INF
U,1.0,1.0,PAUSE,PAUSE
U,1.0,1.0,PAUSE,PAUSE
U,1.0,1.0,PAUSE,PAUSE
U,1.0,1.0,PAUSE,PAUSE
U,1.0,1.0,PAUSE,PAUSE
U,1.0,1.0,PAUSE,PAUSE
U,1.0,1.0,PAUSE,PAUSE
U,1.0,1.0,PAUSE,PAUSE
U,1.0,1.0,PAUSE,PAUSE
U,1.0,1.0,PAUSE,PAUSE
U,1.0,1.0,PAUSE,PAUSE
U,1.0,1.0,PAUSE,PAUSE
U,1.0,1.0,PAUSE,PAUSE
U,1.0,1.0,PAUSE,PAUSE
U,1.0,1.0,PAUSE,PAUSE
U,1.0,1.0,PAUSE,PAUSE
U,1.0,1.0,PAUSE,PAUSE
U,1.0,1.0,PAUSE,PAUSE
U,1.0,1.0,PAUSE,PAUSE
U,1.0,1.0,PAUSE,PAUSE
U,1.0,1.0,PAUSE,PAUSE
U,1.0,1.0,PAUSE,PAUSE
U,1.0,1.0,PAUSE,PAUSE
U,1.0,1.0,PAUSE,PAUSE
U,1.0,1.0,PAUSE,PAUSE
U,1.0,1.0,PAUSE,PAUSE
U,1.0,1.0,PAUSE,PAUSE
U,1.0,1.0,PAUSE,PAUSE
U,1.0,1.0,PAUSE,PAUSE
U,1.0,1.0,PAUSE,PAUSE
U,1.0,1.0,PAUSE,PAUSE
U,1.0,1.0,PAUSE,PAUSE
U,1.0,1.0,PAUSE,PAUSE
S,1.0,1.0,PAUSE,PAUSE
S,1.0,1.0,PAUSE,PAUSE
S,1.0,1.0,PAUSE,PAUSE
S,1.0,1.0,PAUSE,PAUSE
S,2.0,2.0,ROTATE,ROTATE
S,2.0,2.0,ROTATE,ROTATE
S,1.0,1.0,PAUSE,PAUSE
S,2.0,2.0,ROTATE,ROTATE
S,2.0,2.0,ROTATE,ROTATE
S,1.0,1.0,PAUSE,PAUSE
S,4.0,4.0,LINE,LINE
S,1.0,1.0,PAUSE,PAUSE
S,1.0,1.0,PAUSE,PAUSE
S,10.0,10.0,CIRCLE,CIRCLE
S,1.0,1.0,PAUSE,PAUSE
S,1.0,1.0,PAUSE,PAUSE
S,2.0,2.0,ROTATE,ROTATE
S,10.0,10.0,CIRCLE,CIRCLE
S,10.0,10.0,CIRCLE,CIRCLE
S,10.0,10.0,CIRCLE,CIRCLE
S,1.0,1.0,PAUSE,PAUSE
S,1.0,1.0,PAUSE,PAUSE
S,1.0,1.0,PAUSE,PAUSE
S,10.0,10.0,CIRCLE,CIRCLE
S,1.0,1.0,PAUSE,PAUSE
S,10.0,10.0,CIRCLE,CIRCLE
S,10.0,10.0,CIRCLE,CIRCLE
S,10.0,10.0,CIRCLE,CIRCLE
S,13.0,10.0,CIRCLE,CIRCLE
S,1.0,1.0,PAUSE,PAUSE
S,13.0,10.0,CIRCLE,CIRCLE
S,10.0,10.0,CIRCLE,CIRCLE
S,13.0,10.0,CIRCLE,CIRCLE
S,10.0,10.0,CIRCLE,CIRCLE
S,13.0,10.0,CIRCLE,CIRCLE
S,10.0,10.0,CIRCLE,CIRCLE
S,13.0,10.0,CIRCLE,CIRCLE
S,10.0,10.0,CIRCLE,CIRCLE
S,13.0,10.0,CIRCLE,CIRCLE
S,10.0,10.0,CIRCLE,CIRCLE
S,13.0,10.0,CIRCLE,CIRCLE
S,10.0,10.0,CIRCLE,CIRCLE
S,10.0,10.0,CIRCLE,CIRCLE
S,10.0,10.0,CIRCLE,CIRCLE
S,13.0,10.0,CIRCLE,CIRCLE
S,1.0,1.0,PAUSE,PAUSE
S,13.0,10.0,CIRCLE,CIRCLE
S,1.0,1.0,PAUSE,PAUSE
S,10.0,10.0,CIRCLE,CIRCLE
S,1.0,1.0,PAUSE,PAUSE
S,1.0,1.0,PAUSE,PAUSE
S,10.0,10.0,CIRCLE,CIRCLE
S,13.0,10.0,CIRCLE,CIRCLE
S,10.0,10.0,CIRCLE,CIRCLE
S,13.0,10.0,CIRCLE,CIRCLE
S,10.0,10.0,CIRCLE,CIRCLE
S,10.0,10.0,CIRCLE,CIRCLE
S,1.0,1.0,PAUSE,PAUSE
S,1.0,1.0,PAUSE,PAUSE
S,1.0,1.0,PAUSE,PAUSE
S,13.0,10.0,CIRCLE,CIRCLE
S,10.0,10.0,CIRCLE,CIRCLE
S,13.0,10.0,CIRCLE,CIRCLE
S,10.0,10.0,CIRCLE,CIRCLE
S,13.0,10.0,CIRCLE,CIRCLE
S,10.0,10.0,CIRCLE,CIRCLE
S,13.0,10.0,CIRCLE,CIRCLE
S,10.0,10.0,CIRCLE,CIRCLE
S,13.0,10.0,CIRCLE,CIRCLE
S,1.0,1.0,PAUSE,PAUSE
S,10.0,10.0,CIRCLE,CIRCLE
S,10.0,10.0,CIRCLE,CIRCLE
S,13.0,10.0,CIRCLE,CIRCLE
S,1.0,1.0,PAUSE,PAUSE
S,10.0,10.0,CIRCLE,CIRCLE
S,10.0,10.0,CIRCLE,CIRCLE
S,13.0,10.0,CIRCLE,CIRCLE
S,1.0,1.0,PAUSE,PAUSE
S,13.0,10.0,CIRCLE,CIRCLE
S,1.0,1.0,PAUSE,PAUSE
W,1.0,1.0,PAUSE,PAUSE
W,1.0,1.0,PAUSE,PAUSE
W,1.0,1.0,PAUSE,PAUSE
W,1.0,1.0,PAUSE,PAUSE
W,2.0,2.0,ROTATE,ROTATE
W,2.0,2.0,ROTATE,ROTATE
W,2.0,1.0,ROTATE,PAUSE
W,2.0,2.0,ROTATE,ROTATE
W,2.0,14.0,ROTATE,ROTATE
W,1.0,1.0,PAUSE,PAUSE
W,10.0,10.0,CIRCLE,CIRCLE
W,13.0,13.0,CIRCLE,CIRCLE
W,1.0,1.0,PAUSE,PAUSE
W,12.0,12.0,LINE,LINE
W,2.0,1.0,ROTATE,PAUSE
W,1.0,1.0,PAUSE,PAUSE
W,1.0,inf,PAUSE,INF
W,12.0,12.0,LINE,LINE
W,1.0,1.0,PAUSE,PAUSE
W,12.0,12.0,LINE,LINE
W,1.0,1.0,PAUSE,PAUSE
W,12.0,12.0,LINE,LINE
W,1.0,1.0,PAUSE,PAUSE
W,12.0,12.0,LINE,LINE
W,1.0,1.0,PAUSE,PAUSE
W,14.0,12.0,ROTATE,LINE
W,14.0,14.0,ROTATE,ROTATE
W,13.0,13.0,CIRCLE,CIRCLE
W,10.0,10.0,CIRCLE,CIRCLE
W,1.0,1.0,PAUSE,PAUSE
W,13.0,inf,CIRCLE,INF
W,10.0,13.0,CIRCLE,CIRCLE
W,10.0,10.0,CIRCLE,CIRCLE
W,3.0,3.0,LINE,LINE
W,10.0,13.0,CIRCLE,CIRCLE
W,13.0,13.0,CIRCLE,CIRCLE
W,13.0,inf,CIRCLE,INF
W,3.0,3.0,LINE,LINE
W,10.0,4.0,CIRCLE,LINE
W,5.0,5.0,WIGGLE,WIGGLE
W,10.0,13.0,CIRCLE,CIRCLE
W,6.0,6.0,WIGGLE,WIGGLE
W,10.0,10.0,CIRCLE,CIRCLE
W,6.0,5.0,WIGGLE,WIGGLE
W,10.0,10.0,CIRCLE,CIRCLE
W,1.0,1.0,PAUSE,PAUSE
W,10.0,10.0,CIRCLE,CIRCLE
W,1.0,1.0,PAUSE,PAUSE
W,10.0,10.0,CIRCLE,CIRCLE
W,1.0,1.0,PAUSE,PAUSE
W,1.0,1.0,PAUSE,PAUSE
W,10.0,10.0,CIRCLE,CIRCLE
W,10.0,10.0,CIRCLE,CIRCLE
W,13.0,10.0,CIRCLE,CIRCLE
W,10.0,10.0,CIRCLE,CIRCLE
W,13.0,inf,CIRCLE,INF
W,10.0,10.0,CIRCLE,CIRCLE
W,1.0,1.0,PAUSE,PAUSE
W,1.0,1.0,PAUSE,PAUSE
W,1.0,1.0,PAUSE,PAUSE
W,10.0,10.0,CIRCLE,CIRCLE
W,5.0,5.0,WIGGLE,WIGGLE
W,10.0,10.0,CIRCLE,CIRCLE
W,6.0,6.0,WIGGLE,WIGGLE
W,10.0,inf,CIRCLE,INF
W,6.0,6.0,WIGGLE,WIGGLE
W,6.0,7.0,WIGGLE,WIGGLE
W,6.0,5.0,WIGGLE,WIGGLE
W,6.0,7.0,WIGGLE,WIGGLE
W,1.0,1.0,PAUSE,PAUSE
W,6.0,inf,WIGGLE,INF
W,13.0,10.0,CIRCLE,CIRCLE
W,6.0,7.0,WIGGLE,WIGGLE
W,1.0,1.0,PAUSE,PAUSE
W,10.0,10.0,CIRCLE,CIRCLE
W,10.0,10.0,CIRCLE,CIRCLE
W,6.0,7.0,WIGGLE,WIGGLE
W,1.0,1.0,PAUSE,PAUSE
W,6.0,7.0,WIGGLE,WIGGLE
W,1.0,1.0,PAUSE,PAUSE
A,1.0,1.0,PAUSE,PAUSE
A,1.0,1.0,PAUSE,PAUSE
A,1.0,1.0,PAUSE,PAUSE
A,1.0,1.0,PAUSE,PAUSE
A,2.0,2.0,ROTATE,ROTATE
A,2.0,2.0,ROTATE,ROTATE
A,2.0,1.0,ROTATE,PAUSE
A,2.0,2.0,ROTATE,ROTATE
A,2.0,2.0,ROTATE,ROTATE
A,1.0,1.0,PAUSE,PAUSE
A,9.0,inf,WIGGLE,INF
A,1.0,1.0,PAUSE,PAUSE
A,1.0,1.0,PAUSE,PAUSE
A,6.0,6.0,WIGGLE,WIGGLE
A,1.0,1.0,PAUSE,PAUSE
A,1.0,1.0,PAUSE,PAUSE
A,1.0,2.0,PAUSE,ROTATE
A,8.0,7.0,WIGGLE,WIGGLE
A,1.0,1.0,PAUSE,PAUSE
A,8.0,7.0,WIGGLE,WIGGLE
A,1.0,1.0,PAUSE,PAUSE
A,1.0,1.0,PAUSE,PAUSE
A,1.0,4.0,PAUSE,LINE
A,8.0,5.0,WIGGLE,WIGGLE
A,1.0,1.0,PAUSE,PAUSE
A,8.0,6.0,WIGGLE,WIGGLE
A,9.0,8.0,WIGGLE,WIGGLE
A,8.0,7.0,WIGGLE,WIGGLE
A,9.0,7.0,WIGGLE,WIGGLE
A,1.0,1.0,PAUSE,PAUSE
A,8.0,6.0,WIGGLE,WIGGLE
A,8.0,6.0,WIGGLE,WIGGLE
A,9.0,7.0,WIGGLE,WIGGLE
A,8.0,inf,WIGGLE,INF
A,8.0,7.0,WIGGLE,WIGGLE
A,8.0,7.0,WIGGLE,WIGGLE
A,8.0,7.0,WIGGLE,WIGGLE
A,8.0,7.0,WIGGLE,WIGGLE
A,8.0,7.0,WIGGLE,WIGGLE
A,8.0,7.0,WIGGLE,WIGGLE
A,8.0,7.0,WIGGLE,WIGGLE
A,8.0,7.0,WIGGLE,WIGGLE
A,8.0,7.0,WIGGLE,WIGGLE
A,8.0,7.0,WIGGLE,WIGGLE
A,8.0,7.0,WIGGLE,WIGGLE
A,1.0,1.0,PAUSE,PAUSE
A,8.0,7.0,WIGGLE,WIGGLE
A,1.0,1.0,PAUSE,PAUSE
A,8.0,7.0,WIGGLE,WIGGLE
A,1.0,1.0,PAUSE,PAUSE
A,1.0,1.0,PAUSE,PAUSE
A,8.0,7.0,WIGGLE,WIGGLE
A,8.0,7.0,WIGGLE,WIGGLE
A,8.0,7.0,WIGGLE,WIGGLE
A,8.0,7.0,WIGGLE,WIGGLE
A,8.0,7.0,WIGGLE,WIGGLE
A,8.0,7.0,WIGGLE,WIGGLE
A,1.0,1.0,PAUSE,PAUSE
A,1.0,1.0,PAUSE,PAUSE
A,1.0,1.0,PAUSE,PAUSE
A,8.0,7.0,WIGGLE,WIGGLE
A,7.0,7.0,WIGGLE,WIGGLE
A,8.0,7.0,WIGGLE,WIGGLE
A,7.0,7.0,WIGGLE,WIGGLE
A,8.0,7.0,WIGGLE,WIGGLE
A,7.0,7.0,WIGGLE,WIGGLE
A,8.0,7.0,WIGGLE,WIGGLE
A,7.0,6.0,WIGGLE,WIGGLE
A,8.0,7.0,WIGGLE,WIGGLE
A,1.0,1.0,PAUSE,PAUSE
A,8.0,7.0,WIGGLE,WIGGLE
A,7.0,7.0,WIGGLE,WIGGLE
A,8.0,7.0,WIGGLE,WIGGLE
A,1.0,1.0,PAUSE,PAUSE
A,8.0,7.0,WIGGLE,WIGGLE
A,7.0,7.0,WIGGLE,WIGGLE
A,8.0,7.0,WIGGLE,WIGGLE
A,1.0,1.0,PAUSE,PAUSE
A,8.0,7.0,WIGGLE,WIGGLE
A,1.0,1.0,PAUSE,PAUSE
B,1.0,1.0,PAUSE,PAUSE
B,1.0,1.0,PAUSE,PAUSE
B,1.0,1.0,PAUSE,PAUSE
B,1.0,1.0,PAUSE,PAUSE
B,5.0,6.0,WIGGLE,WIGGLE
B,2.0,2.0,ROTATE,ROTATE
B,1.0,1.0,PAUSE,PAUSE
B,2.0,2.0,ROTATE,ROTATE
B,2.0,2.0,ROTATE,ROTATE
B,1.0,1.0,PAUSE,PAUSE
B,5.0,5.0,WIGGLE,WIGGLE
B,1.0,1.0,PAUSE,PAUSE
B,1.0,1.0,PAUSE,PAUSE
B,3.0,1.0,LINE,PAUSE
B,1.0,1.0,PAUSE,PAUSE
B,1.0,1.0,PAUSE,PAUSE
B,1.0,1.0,PAUSE,PAUSE
B,3.0,1.0,LINE,PAUSE
B,1.0,1.0,PAUSE,PAUSE
B,1.0,1.0,PAUSE,PAUSE
B,1.0,1.0,PAUSE,PAUSE
B,5.0,5.0,WIGGLE,WIGGLE
B,1.0,1.0,PAUSE,PAUSE
B,6.0,6.0,WIGGLE,WIGGLE
B,1.0,1.0,PAUSE,PAUSE
B,inf,inf,INF,INF
B,14.0,14.0,ROTATE,ROTATE
B,6.0,6.0,WIGGLE,WIGGLE
B,5.0,7.0,WIGGLE,WIGGLE
B,1.0,1.0,PAUSE,PAUSE
B,5.0,6.0,WIGGLE,WIGGLE
B,inf,1.0,INF,PAUSE
B,5.0,5.0,WIGGLE,WIGGLE
B,6.0,6.0,WIGGLE,WIGGLE
B,5.0,5.0,WIGGLE,WIGGLE
B,6.0,6.0,WIGGLE,WIGGLE
B,6.0,6.0,WIGGLE,WIGGLE
B,4.0,4.0,LINE,LINE
B,5.0,5.0,WIGGLE,WIGGLE
B,4.0,1.0,LINE,PAUSE
B,4.0,4.0,LINE,LINE
B,1.0,1.0,PAUSE,PAUSE
B,5.0,5.0,WIGGLE,WIGGLE
B,5.0,5.0,WIGGLE,WIGGLE
B,4.0,4.0,LINE,LINE
B,1.0,inf,PAUSE,INF
B,7.0,7.0,WIGGLE,WIGGLE
B,1.0,1.0,PAUSE,PAUSE
B,5.0,5.0,WIGGLE,WIGGLE
B,1.0,1.0,PAUSE,PAUSE
B,1.0,1.0,PAUSE,PAUSE
B,15.0,1.0,WIGGLE,PAUSE
B,1.0,1.0,PAUSE,PAUSE
B,1.0,1.0,PAUSE,PAUSE
B,1.0,1.0,PAUSE,PAUSE
B,3.0,1.0,LINE,PAUSE
B,5.0,1.0,WIGGLE,PAUSE
B,1.0,1.0,PAUSE,PAUSE
B,1.0,1.0,PAUSE,PAUSE
B,1.0,1.0,PAUSE,PAUSE
B,4.0,4.0,LINE,LINE
B,4.0,4.0,LINE,LINE
B,5.0,4.0,WIGGLE,LINE
B,5.0,6.0,WIGGLE,WIGGLE
B,5.0,5.0,WIGGLE,WIGGLE
B,5.0,5.0,WIGGLE,WIGGLE
B,4.0,4.0,LINE,LINE
B,4.0,4.0,LINE,LINE
B,5.0,4.0,WIGGLE,LINE
B,1.0,1.0,PAUSE,PAUSE
B,5.0,6.0,WIGGLE,WIGGLE
B,9.0,11.0,WIGGLE,CIRCLE
B,5.0,4.0,WIGGLE,LINE
B,1.0,1.0,PAUSE,PAUSE
B,5.0,6.0,WIGGLE,WIGGLE
B,1.0,4.0,PAUSE,LINE
B,4.0,4.0,LINE,LINE
B,1.0,1.0,PAUSE,PAUSE
B,1.0,1.0,PAUSE,PAUSE
B,1.0,1.0,PAUSE,PAUSE
F,1.0,1.0,PAUSE,PAUSE
F,1.0,1.0,PAUSE,PAUSE
F,1.0,1.0,PAUSE,PAUSE
F,1.0,1.0,PAUSE,PAUSE
F,1.0,1.0,PAUSE,PAUSE
F,2.0,2.0,ROTATE,ROTATE
F,1.0,1.0,PAUSE,PAUSE
F,2.0,2.0,ROTATE,ROTATE
F,2.0,2.0,ROTATE,ROTATE
F,1.0,1.0,PAUSE,PAUSE
F,1.0,1.0,PAUSE,PAUSE
F,4.0,1.0,LINE,PAUSE
F,1.0,1.0,PAUSE,PAUSE
F,5.0,1.0,WIGGLE,PAUSE
F,1.0,1.0,PAUSE,PAUSE
F,1.0,1.0,PAUSE,PAUSE
F,2.0,2.0,ROTATE,ROTATE
F,1.0,1.0,PAUSE,PAUSE
F,1.0,1.0,PAUSE,PAUSE
F,1.0,inf,PAUSE,INF
F,1.0,1.0,PAUSE,PAUSE
F,4.0,1.0,LINE,PAUSE
F,1.0,1.0,PAUSE,PAUSE
F,4.0,12.0,LINE,LINE
F,1.0,1.0,PAUSE,PAUSE
F,4.0,12.0,LINE,LINE
F,14.0,2.0,ROTATE,ROTATE
F,4.0,12.0,LINE,LINE
F,11.0,11.0,CIRCLE,CIRCLE
F,1.0,1.0,PAUSE,PAUSE
F,5.0,5.0,WIGGLE,WIGGLE
F,12.0,12.0,LINE,LINE
F,5.0,5.0,WIGGLE,WIGGLE
F,12.0,12.0,LINE,LINE
F,5.0,5.0,WIGGLE,WIGGLE
F,4.0,inf,LINE,INF
F,1.0,1.0,PAUSE,PAUSE
F,4.0,inf,LINE,INF
F,1.0,1.0,PAUSE,PAUSE
F,4.0,4.0,LINE,LINE
F,1.0,1.0,PAUSE,PAUSE
F,4.0,4.0,LINE,LINE
F,4.0,12.0,LINE,LINE
F,12.0,12.0,LINE,LINE
F,4.0,12.0,LINE,LINE
F,1.0,1.0,PAUSE,PAUSE
F,1.0,12.0,PAUSE,LINE
F,1.0,12.0,PAUSE,LINE
F,1.0,1.0,PAUSE,PAUSE
F,1.0,1.0,PAUSE,PAUSE
F,1.0,1.0,PAUSE,PAUSE
F,3.0,1.0,LINE,PAUSE
F,1.0,1.0,PAUSE,PAUSE
F,4.0,4.0,LINE,LINE
F,3.0,12.0,LINE,LINE
F,3.0,1.0,LINE,PAUSE
F,1.0,12.0,PAUSE,LINE
F,12.0,12.0,LINE,LINE
F,1.0,1.0,PAUSE,PAUSE
F,1.0,1.0,PAUSE,PAUSE
F,1.0,1.0,PAUSE,PAUSE
F,12.0,12.0,LINE,LINE
F,1.0,1.0,PAUSE,PAUSE
F,4.0,4.0,LINE,LINE
F,12.0,12.0,LINE,LINE
F,13.0,4.0,CIRCLE,LINE
F,1.0,7.0,PAUSE,WIGGLE
F,12.0,12.0,LINE,LINE
F,13.0,4.0,CIRCLE,LINE
F,1.0,4.0,PAUSE,LINE
F,13.0,12.0,CIRCLE,LINE
F,12.0,12.0,LINE,LINE
F,5.0,5.0,WIGGLE,WIGGLE
F,12.0,1.0,LINE,PAUSE
F,4.0,inf,LINE,INF
F,12.0,12.0,LINE,LINE
F,12.0,12.0,LINE,LINE
F,1.0,1.0,PAUSE,PAUSE
F,13.0,1.0,CIRCLE,PAUSE
F,1.0,1.0,PAUSE,PAUSE
Y,1.0,1.0,PAUSE,PAUSE
Y,1.0,1.0,PAUSE,PAUSE
Y,1.0,1.0,PAUSE,PAUSE
Y,1.0,1.0,PAUSE,PAUSE
Y,1.0,inf,PAUSE,INF
Y,1.0,inf,PAUSE,INF
Y,2.0,1.0,ROTATE,PAUSE
Y,2.0,2.0,ROTATE,ROTATE
Y,2.0,2.0,ROTATE,ROTATE
Y,1.0,1.0,PAUSE,PAUSE
Y,5.0,7.0,WIGGLE,WIGGLE
Y,16.0,inf,CIRCLE,INF
Y,1.0,1.0,PAUSE,PAUSE
Y,16.0,16.0,CIRCLE,CIRCLE
Y,1.0,1.0,PAUSE,PAUSE
Y,1.0,1.0,PAUSE,PAUSE
Y,2.0,2.0,ROTATE,ROTATE
Y,16.0,16.0,CIRCLE,CIRCLE
Y,1.0,1.0,PAUSE,PAUSE
Y,1.0,16.0,PAUSE,CIRCLE
Y,1.0,1.0,PAUSE,PAUSE
Y,1.0,1.0,PAUSE,PAUSE
Y,1.0,1.0,PAUSE,PAUSE
Y,16.0,16.0,CIRCLE,CIRCLE
Y,1.0,1.0,PAUSE,PAUSE
Y,1.0,inf,PAUSE,INF
Y,16.0,16.0,CIRCLE,CIRCLE
Y,16.0,16.0,CIRCLE,CIRCLE
Y,16.0,16.0,CIRCLE,CIRCLE
Y,1.0,1.0,PAUSE,PAUSE
Y,16.0,16.0,CIRCLE,CIRCLE
Y,16.0,16.0,CIRCLE,CIRCLE
Y,16.0,16.0,CIRCLE,CIRCLE
Y,16.0,16.0,CIRCLE,CIRCLE
Y,16.0,16.0,CIRCLE,CIRCLE
Y,16.0,16.0,CIRCLE,CIRCLE
Y,16.0,16.0,CIRCLE,CIRCLE
Y,16.0,16.0,CIRCLE,CIRCLE
Y,16.0,16.0,CIRCLE,CIRCLE
Y,16.0,16.0,CIRCLE,CIRCLE
Y,16.0,16.0,CIRCLE,CIRCLE
Y,16.0,16.0,CIRCLE,CIRCLE
Y,16.0,16.0,CIRCLE,CIRCLE
Y,16.0,16.0,CIRCLE,CIRCLE
Y,16.0,16.0,CIRCLE,CIRCLE
Y,1.0,1.0,PAUSE,PAUSE
Y,16.0,16.0,CIRCLE,CIRCLE
Y,1.0,1.0,PAUSE,PAUSE
Y,16.0,16.0,CIRCLE,CIRCLE
Y,1.0,1.0,PAUSE,PAUSE
Y,1.0,1.0,PAUSE,PAUSE
Y,16.0,16.0,CIRCLE,CIRCLE
Y,16.0,16.0,CIRCLE,CIRCLE
Y,16.0,16.0,CIRCLE,CIRCLE
Y,16.0,16.0,CIRCLE,CIRCLE
Y,16.0,16.0,CIRCLE,CIRCLE
Y,16.0,16.0,CIRCLE,CIRCLE
Y,1.0,1.0,PAUSE,PAUSE
Y,1.0,1.0,PAUSE,PAUSE
Y,1.0,1.0,PAUSE,PAUSE
Y,16.0,16.0,CIRCLE,CIRCLE
Y,16.0,16.0,CIRCLE,CIRCLE
Y,16.0,16.0,CIRCLE,CIRCLE
Y,16.0,16.0,CIRCLE,CIRCLE
Y,16.0,16.0,CIRCLE,CIRCLE
Y,16.0,16.0,CIRCLE,CIRCLE
Y,16.0,16.0,CIRCLE,CIRCLE
Y,16.0,16.0,CIRCLE,CIRCLE
Y,16.0,16.0,CIRCLE,CIRCLE
Y,1.0,1.0,PAUSE,PAUSE
Y,16.0,16.0,CIRCLE,CIRCLE
Y,16.0,16.0,CIRCLE,CIRCLE
Y,16.0,16.0,CIRCLE,CIRCLE
Y,1.0,1.0,PAUSE,PAUSE
Y,16.0,16.0,CIRCLE,CIRCLE
Y,16.0,16.0,CIRCLE,CIRCLE
Y,16.0,16.0,CIRCLE,CIRCLE
Y,1.0,1.0,PAUSE,PAUSE
Y,16.0,16.0,CIRCLE,CIRCLE
Y,1.0,1.0,PAUSE,PAUSE
K,1.0,1.0,PAUSE,PAUSE
K,1.0,1.0,PAUSE,PAUSE
K,1.0,1.0,PAUSE,PAUSE
K,1.0,1.0,PAUSE,PAUSE
K,2.0,2.0,ROTATE,ROTATE
K,2.0,2.0,ROTATE,ROTATE
K,1.0,1.0,PAUSE,PAUSE
K,2.0,2.0,ROTATE,ROTATE
K,2.0,2.0,ROTATE,ROTATE
K,1.0,1.0,PAUSE,PAUSE
K,1.0,1.0,PAUSE,PAUSE
K,1.0,1.0,PAUSE,PAUSE
K,1.0,1.0,PAUSE,PAUSE
K,1.0,1.0,PAUSE,PAUSE
K,1.0,1.0,PAUSE,PAUSE
K,1.0,1.0,PAUSE,PAUSE
K,1.0,inf,PAUSE,INF
K,1.0,1.0,PAUSE,PAUSE
K,1.0,1.0,PAUSE,PAUSE
K,3.0,1.0,LINE,PAUSE
K,1.0,1.0,PAUSE,PAUSE
K,1.0,1.0,PAUSE,PAUSE
K,1.0,1.0,PAUSE,PAUSE
K,3.0,1.0,LINE,PAUSE
K,1.0,1.0,PAUSE,PAUSE
K,5.0,5.0,WIGGLE,WIGGLE
K,4.0,1.0,LINE,PAUSE
K,5.0,5.0,WIGGLE,WIGGLE
K,1.0,1.0,PAUSE,PAUSE
K,5.0,5.0,WIGGLE,WIGGLE
K,1.0,1.0,PAUSE,PAUSE
K,5.0,5.0,WIGGLE,WIGGLE
K,1.0,1.0,PAUSE,PAUSE
K,1.0,1.0,PAUSE,PAUSE
K,1.0,1.0,PAUSE,PAUSE
K,1.0,1.0,PAUSE,PAUSE
K,1.0,1.0,PAUSE,PAUSE
K,1.0,1.0,PAUSE,PAUSE
K,12.0,1.0,LINE,PAUSE
K,3.0,1.0,LINE,PAUSE
K,1.0,1.0,PAUSE,PAUSE
K,1.0,1.0,PAUSE,PAUSE
K,4.0,1.0,LINE,PAUSE
K,1.0,1.0,PAUSE,PAUSE
K,4.0,1.0,LINE,PAUSE
K,1.0,1.0,PAUSE,PAUSE
K,1.0,1.0,PAUSE,PAUSE
K,1.0,1.0,PAUSE,PAUSE
K,1.0,1.0,PAUSE,PAUSE
K,1.0,1.0,PAUSE,PAUSE
K,1.0,1.0,PAUSE,PAUSE
K,3.0,1.0,LINE,PAUSE
K,3.0,1.0,LINE,PAUSE
K,1.0,1.0,PAUSE,PAUSE
K,3.0,1.0,LINE,PAUSE
K,3.0,1.0,LINE,PAUSE
K,3.0,1.0,LINE,PAUSE
K,12.0,12.0,LINE,LINE
K,1.0,1.0,PAUSE,PAUSE
K,1.0,1.0,PAUSE,PAUSE
K,1.0,1.0,PAUSE,PAUSE
K,12.0,12.0,LINE,LINE
K,1.0,1.0,PAUSE,PAUSE
K,5.0,5.0,WIGGLE,WIGGLE
K,5.0,5.0,WIGGLE,WIGGLE
K,5.0,5.0,WIGGLE,WIGGLE
K,6.0,5.0,WIGGLE,WIGGLE
K,5.0,5.0,WIGGLE,WIGGLE
K,5.0,5.0,WIGGLE,WIGGLE
K,5.0,5.0,WIGGLE,WIGGLE
K,5.0,5.0,WIGGLE,WIGGLE
K,5.0,5.0,WIGGLE,WIGGLE
K,5.0,5.0,WIGGLE,WIGGLE
K,5.0,5.0,WIGGLE,WIGGLE
K,5.0,5.0,WIGGLE,WIGGLE
K,5.0,5.0,WIGGLE,WIGGLE
K,5.0,5.0,WIGGLE,WIGGLE
K,5.0,1.0,WIGGLE,PAUSE
K,13.0,10.0,CIRCLE,CIRCLE
K,5.0,5.0,WIGGLE,WIGGLE
I,1.0,1.0,PAUSE,PAUSE
I,1.0,1.0,PAUSE,PAUSE
I,1.0,1.0,PAUSE,PAUSE
I,5.0,inf,WIGGLE,INF
I,2.0,2.0,ROTATE,ROTATE
I,2.0,2.0,ROTATE,ROTATE
I,1.0,1.0,PAUSE,PAUSE
I,2.0,inf,ROTATE,INF
I,2.0,2.0,ROTATE,ROTATE
I,1.0,inf,PAUSE,INF
I,6.0,6.0,WIGGLE,WIGGLE
I,1.0,1.0,PAUSE,PAUSE
I,1.0,1.0,PAUSE,PAUSE
I,1.0,inf,PAUSE,INF
I,1.0,1.0,PAUSE,PAUSE
I,1.0,1.0,PAUSE,PAUSE
I,2.0,2.0,ROTATE,ROTATE
I,1.0,12.0,PAUSE,LINE
I,1.0,1.0,PAUSE,PAUSE
I,1.0,1.0,PAUSE,PAUSE
I,1.0,1.0,PAUSE,PAUSE
I,1.0,1.0,PAUSE,PAUSE
I,1.0,1.0,PAUSE,PAUSE
I,1.0,inf,PAUSE,INF
I,1.0,1.0,PAUSE,PAUSE
I,5.0,5.0,WIGGLE,WIGGLE
I,14.0,14.0,ROTATE,ROTATE
I,1.0,1.0,PAUSE,PAUSE
I,6.0,6.0,WIGGLE,WIGGLE
I,1.0,1.0,PAUSE,PAUSE
I,6.0,6.0,WIGGLE,WIGGLE
I,1.0,1.0,PAUSE,PAUSE
I,6.0,6.0,WIGGLE,WIGGLE
I,1.0,1.0,PAUSE,PAUSE
I,6.0,6.0,WIGGLE,WIGGLE
I,1.0,1.0,PAUSE,PAUSE
I,6.0,6.0,WIGGLE,WIGGLE
I,1.0,inf,PAUSE,INF
I,6.0,6.0,WIGGLE,WIGGLE
I,1.0,1.0,PAUSE,PAUSE
I,6.0,6.0,WIGGLE,WIGGLE
I,1.0,1.0,PAUSE,PAUSE
I,6.0,6.0,WIGGLE,WIGGLE
I,1.0,inf,PAUSE,INF
I,6.0,6.0,WIGGLE,WIGGLE
I,1.0,1.0,PAUSE,PAUSE
I,13.0,1.0,CIRCLE,PAUSE
I,5.0,5.0,WIGGLE,WIGGLE
I,6.0,6.0,WIGGLE,WIGGLE
I,1.0,1.0,PAUSE,PAUSE
I,1.0,1.0,PAUSE,PAUSE
I,1.0,inf,PAUSE,INF
I,13.0,1.0,CIRCLE,PAUSE
I,1.0,3.0,PAUSE,LINE
I,13.0,10.0,CIRCLE,CIRCLE
I,1.0,1.0,PAUSE,PAUSE
I,6.0,8.0,WIGGLE,WIGGLE
I,1.0,1.0,PAUSE,PAUSE
I,1.0,1.0,PAUSE,PAUSE
I,1.0,1.0,PAUSE,PAUSE
I,6.0,6.0,WIGGLE,WIGGLE
I,5.0,inf,WIGGLE,INF
I,6.0,5.0,WIGGLE,WIGGLE
I,1.0,inf,PAUSE,INF
I,6.0,5.0,WIGGLE,WIGGLE
I,1.0,inf,PAUSE,INF
I,6.0,6.0,WIGGLE,WIGGLE
I,1.0,1.0,PAUSE,PAUSE
I,13.0,1.0,CIRCLE,PAUSE
I,1.0,1.0,PAUSE,PAUSE
I,5.0,5.0,WIGGLE,WIGGLE
I,1.0,1.0,PAUSE,PAUSE
I,13.0,10.0,CIRCLE,CIRCLE
I,1.0,1.0,PAUSE,PAUSE
I,5.0,5.0,WIGGLE,WIGGLE
I,1.0,1.0,PAUSE,PAUSE
I,6.0,6.0,WIGGLE,WIGGLE
I,1.0,1.0,PAUSE,PAUSE
I,13.0,10.0,CIRCLE,CIRCLE
I,1.0,inf,PAUSE,INF
L,1.0,1.0,PAUSE,PAUSE
L,1.0,1.0,PAUSE,PAUSE
L,1.0,1.0,PAUSE,PAUSE
L,1.0,1.0,PAUSE,PAUSE
L,2.0,2.0,ROTATE,ROTATE
L,2.0,2.0,ROTATE,ROTATE
L,1.0,1.0,PAUSE,PAUSE
L,2.0,2.0,ROTATE,ROTATE
L,2.0,2.0,ROTATE,ROTATE
L,1.0,1.0,PAUSE,PAUSE
L,1.0,1.0,PAUSE,PAUSE
L,1.0,1.0,PAUSE,PAUSE
L,1.0,1.0,PAUSE,PAUSE
L,3.0,1.0,LINE,PAUSE
L,1.0,1.0,PAUSE,PAUSE
L,1.0,1.0,PAUSE,PAUSE
L,2.0,2.0,ROTATE,ROTATE
L,12.0,1.0,LINE,PAUSE
L,1.0,1.0,PAUSE,PAUSE
L,1.0,1.0,PAUSE,PAUSE
L,12.0,1.0,LINE,PAUSE
L,1.0,1.0,PAUSE,PAUSE
L,1.0,1.0,PAUSE,PAUSE
L,7.0,7.0,WIGGLE,WIGGLE
L,1.0,1.0,PAUSE,PAUSE
L,14.0,inf,ROTATE,INF
L,5.0,5.0,WIGGLE,WIGGLE
L,12.0,12.0,LINE,LINE
L,5.0,5.0,WIGGLE,WIGGLE
L,1.0,1.0,PAUSE,PAUSE
L,5.0,5.0,WIGGLE,WIGGLE
L,12.0,12.0,LINE,LINE
L,5.0,5.0,WIGGLE,WIGGLE
L,5.0,8.0,WIGGLE,WIGGLE
L,5.0,5.0,WIGGLE,WIGGLE
L,5.0,1.0,WIGGLE,PAUSE
L,5.0,5.0,WIGGLE,WIGGLE
L,5.0,12.0,WIGGLE,LINE
L,5.0,5.0,WIGGLE,WIGGLE
L,12.0,12.0,LINE,LINE
L,5.0,5.0,WIGGLE,WIGGLE
L,12.0,inf,LINE,INF
L,5.0,5.0,WIGGLE,WIGGLE
L,12.0,12.0,LINE,LINE
L,5.0,5.0,WIGGLE,WIGGLE
L,1.0,1.0,PAUSE,PAUSE
L,1.0,1.0,PAUSE,PAUSE
L,1.0,1.0,PAUSE,PAUSE
L,5.0,5.0,WIGGLE,WIGGLE
L,1.0,1.0,PAUSE,PAUSE
L,1.0,1.0,PAUSE,PAUSE
L,13.0,10.0,CIRCLE,CIRCLE
L,1.0,1.0,PAUSE,PAUSE
L,12.0,12.0,LINE,LINE
L,3.0,1.0,LINE,PAUSE
L,12.0,12.0,LINE,LINE
L,3.0,1.0,LINE,PAUSE
L,1.0,1.0,PAUSE,PAUSE
L,1.0,1.0,PAUSE,PAUSE
L,1.0,1.0,PAUSE,PAUSE
L,5.0,5.0,WIGGLE,WIGGLE
L,12.0,12.0,LINE,LINE
L,5.0,5.0,WIGGLE,WIGGLE
L,12.0,inf,LINE,INF
L,5.0,5.0,WIGGLE,WIGGLE
L,12.0,12.0,LINE,LINE
L,5.0,5.0,WIGGLE,WIGGLE
L,12.0,12.0,LINE,LINE
L,5.0,5.0,WIGGLE,WIGGLE
L,1.0,1.0,PAUSE,PAUSE
L,5.0,5.0,WIGGLE,WIGGLE
L,12.0,12.0,LINE,LINE
L,5.0,5.0,WIGGLE,WIGGLE
L,1.0,1.0,PAUSE,PAUSE
L,5.0,5.0,WIGGLE,WIGGLE
L,12.0,12.0,LINE,LINE
L,5.0,5.0,WIGGLE,WIGGLE
L,1.0,1.0,PAUSE,PAUSE
L,1.0,1.0,PAUSE,PAUSE
L,1.0,1.0,PAUSE,PAUSE
N,1.0,1.0,PAUSE,PAUSE
N,1.0,1.0,PAUSE,PAUSE
N,1.0,1.0,PAUSE,PAUSE
N,inf,inf,INF,INF
N,7.0,8.0,WIGGLE,WIGGLE
N,1.0,1.0,PAUSE,PAUSE
N,1.0,1.0,PAUSE,PAUSE
N,2.0,2.0,ROTATE,ROTATE
N,2.0,2.0,ROTATE,ROTATE
N,1.0,1.0,PAUSE,PAUSE
N,1.0,1.0,PAUSE,PAUSE
N,1.0,1.0,PAUSE,PAUSE
N,1.0,1.0,PAUSE,PAUSE
N,1.0,inf,PAUSE,INF
N,1.0,1.0,PAUSE,PAUSE
N,1.0,1.0,PAUSE,PAUSE
N,2.0,2.0,ROTATE,ROTATE
N,1.0,1.0,PAUSE,PAUSE
N,1.0,1.0,PAUSE,PAUSE
N,1.0,1.0,PAUSE,PAUSE
N,1.0,1.0,PAUSE,PAUSE
N,1.0,1.0,PAUSE,PAUSE
N,1.0,1.0,PAUSE,PAUSE
N,4.0,12.0,LINE,LINE
N,1.0,1.0,PAUSE,PAUSE
N,14.0,14.0,ROTATE,ROTATE
N,14.0,14.0,ROTATE,ROTATE
N,3.0,1.0,LINE,PAUSE
N,5.0,5.0,WIGGLE,WIGGLE
N,1.0,1.0,PAUSE,PAUSE
N,6.0,7.0,WIGGLE,WIGGLE
N,1.0,inf,PAUSE,INF
N,5.0,7.0,WIGGLE,WIGGLE
N,1.0,inf,PAUSE,INF
N,5.0,7.0,WIGGLE,WIGGLE
N,1.0,1.0,PAUSE,PAUSE
N,6.0,7.0,WIGGLE,WIGGLE
N,1.0,1.0,PAUSE,PAUSE
N,5.0,1.0,WIGGLE,PAUSE
N,1.0,1.0,PAUSE,PAUSE
N,1.0,1.0,PAUSE,PAUSE
N,1.0,1.0,PAUSE,PAUSE
N,7.0,7.0,WIGGLE,WIGGLE
N,1.0,inf,PAUSE,INF
N,5.0,7.0,WIGGLE,WIGGLE
N,1.0,1.0,PAUSE,PAUSE
N,5.0,7.0,WIGGLE,WIGGLE
N,1.0,1.0,PAUSE,PAUSE
N,7.0,7.0,WIGGLE,WIGGLE
N,1.0,1.0,PAUSE,PAUSE
N,1.0,1.0,PAUSE,PAUSE
N,1.0,1.0,PAUSE,PAUSE
N,5.0,7.0,WIGGLE,WIGGLE
N,1.0,1.0,PAUSE,PAUSE
N,7.0,7.0,WIGGLE,WIGGLE
N,1.0,1.0,PAUSE,PAUSE
N,7.0,7.0,WIGGLE,WIGGLE
N,1.0,1.0,PAUSE,PAUSE
N,1.0,1.0,PAUSE,PAUSE
N,1.0,1.0,PAUSE,PAUSE
N,5.0,7.0,WIGGLE,WIGGLE
N,1.0,1.0,PAUSE,PAUSE
N,5.0,7.0,WIGGLE,WIGGLE
N,1.0,1.0,PAUSE,PAUSE
N,6.0,7.0,WIGGLE,WIGGLE
N,1.0,1.0,PAUSE,PAUSE
N,5.0,7.0,WIGGLE,WIGGLE
N,1.0,1.0,PAUSE,PAUSE
N,5.0,7.0,WIGGLE,WIGGLE
N,1.0,1.0,PAUSE,PAUSE
N,6.0,7.0,WIGGLE,WIGGLE
N,1.0,1.0,PAUSE,PAUSE
N,5.0,7.0,WIGGLE,WIGGLE
N,1.0,1.0,PAUSE,PAUSE
N,6.0,7.0,WIGGLE,WIGGLE
N,1.0,1.0,PAUSE,PAUSE
N,inf,inf,INF,INF
N,1.0,1.0,PAUSE,PAUSE
N,1.0,7.0,PAUSE,WIGGLE
N,1.0,1.0,PAUSE,PAUSE
Z,1.0,1.0,PAUSE,PAUSE
Z,1.0,1.0,PAUSE,PAUSE
Z,1.0,1.0,PAUSE,PAUSE
Z,1.0,1.0,PAUSE,PAUSE
Z,5.0,8.0,WIGGLE,WIGGLE
Z,2.0,2.0,ROTATE,ROTATE
Z,2.0,2.0,ROTATE,ROTATE
Z,2.0,2.0,ROTATE,ROTATE
Z,1.0,2.0,PAUSE,ROTATE
Z,1.0,1.0,PAUSE,PAUSE
Z,16.0,16.0,CIRCLE,CIRCLE
Z,1.0,13.0,PAUSE,CIRCLE
Z,1.0,1.0,PAUSE,PAUSE
Z,3.0,13.0,LINE,CIRCLE
Z,2.0,2.0,ROTATE,ROTATE
Z,1.0,1.0,PAUSE,PAUSE
Z,2.0,2.0,ROTATE,ROTATE
Z,10.0,13.0,CIRCLE,CIRCLE
Z,1.0,1.0,PAUSE,PAUSE
Z,10.0,13.0,CIRCLE,CIRCLE
Z,1.0,1.0,PAUSE,PAUSE
Z,1.0,1.0,PAUSE,PAUSE
Z,1.0,1.0,PAUSE,PAUSE
Z,10.0,10.0,CIRCLE,CIRCLE
Z,1.0,1.0,PAUSE,PAUSE
Z,13.0,13.0,CIRCLE,CIRCLE
Z,4.0,4.0,LINE,LINE
Z,10.0,10.0,CIRCLE,CIRCLE
Z,1.0,1.0,PAUSE,PAUSE
Z,1.0,1.0,PAUSE,PAUSE
Z,1.0,1.0,PAUSE,PAUSE
Z,10.0,10.0,CIRCLE,CIRCLE
Z,1.0,1.0,PAUSE,PAUSE
Z,10.0,10.0,CIRCLE,CIRCLE
Z,1.0,1.0,PAUSE,PAUSE
Z,10.0,10.0,CIRCLE,CIRCLE
Z,10.0,10.0,CIRCLE,CIRCLE
Z,10.0,10.0,CIRCLE,CIRCLE
Z,10.0,10.0,CIRCLE,CIRCLE
Z,10.0,10.0,CIRCLE,CIRCLE
Z,10.0,10.0,CIRCLE,CIRCLE
Z,10.0,10.0,CIRCLE,CIRCLE
Z,10.0,10.0,CIRCLE,CIRCLE
Z,10.0,10.0,CIRCLE,CIRCLE
Z,10.0,10.0,CIRCLE,CIRCLE
Z,1.0,1.0,PAUSE,PAUSE
Z,10.0,10.0,CIRCLE,CIRCLE
Z,1.0,1.0,PAUSE,PAUSE
Z,10.0,10.0,CIRCLE,CIRCLE
Z,1.0,1.0,PAUSE,PAUSE
Z,1.0,1.0,PAUSE,PAUSE
Z,10.0,10.0,CIRCLE,CIRCLE
Z,10.0,10.0,CIRCLE,CIRCLE
Z,10.0,10.0,CIRCLE,CIRCLE
Z,10.0,10.0,CIRCLE,CIRCLE
Z,10.0,10.0,CIRCLE,CIRCLE
Z,10.0,10.0,CIRCLE,CIRCLE
Z,1.0,1.0,PAUSE,PAUSE
Z,1.0,1.0,PAUSE,PAUSE
Z,1.0,1.0,PAUSE,PAUSE
Z,10.0,10.0,CIRCLE,CIRCLE
Z,10.0,10.0,CIRCLE,CIRCLE
Z,10.0,10.0,CIRCLE,CIRCLE
Z,10.0,10.0,CIRCLE,CIRCLE
Z,10.0,10.0,CIRCLE,CIRCLE
Z,10.0,10.0,CIRCLE,CIRCLE
Z,10.0,10.0,CIRCLE,CIRCLE
Z,10.0,10.0,CIRCLE,CIRCLE
Z,10.0,10.0,CIRCLE,CIRCLE
Z,1.0,1.0,PAUSE,PAUSE
Z,10.0,10.0,CIRCLE,CIRCLE
Z,10.0,10.0,CIRCLE,CIRCLE
Z,10.0,10.0,CIRCLE,CIRCLE
Z,1.0,1.0,PAUSE,PAUSE
Z,10.0,10.0,CIRCLE,CIRCLE
Z,10.0,10.0,CIRCLE,CIRCLE
Z,10.0,10.0,CIRCLE,CIRCLE
Z,1.0,1.0,PAUSE,PAUSE
Z,10.0,10.0,CIRCLE,CIRCLE
Z,1.0,1.0,PAUSE,PAUSE
E,1.0,1.0,PAUSE,PAUSE
E,1.0,1.0,PAUSE,PAUSE
E,1.0,1.0,PAUSE,PAUSE
E,1.0,1.0,PAUSE,PAUSE
E,5.0,1.0,WIGGLE,PAUSE
E,2.0,2.0,ROTATE,ROTATE
E,2.0,1.0,ROTATE,PAUSE
E,2.0,2.0,ROTATE,ROTATE
E,1.0,2.0,PAUSE,ROTATE
E,1.0,1.0,PAUSE,PAUSE
E,1.0,1.0,PAUSE,PAUSE
E,5.0,6.0,WIGGLE,WIGGLE
E,5.0,5.0,WIGGLE,WIGGLE
E,5.0,6.0,WIGGLE,WIGGLE
E,1.0,1.0,PAUSE,PAUSE
E,1.0,1.0,PAUSE,PAUSE
E,2.0,2.0,ROTATE,ROTATE
E,6.0,6.0,WIGGLE,WIGGLE
E,5.0,5.0,WIGGLE,WIGGLE
E,5.0,6.0,WIGGLE,WIGGLE
E,5.0,5.0,WIGGLE,WIGGLE
E,5.0,6.0,WIGGLE,WIGGLE
E,1.0,1.0,PAUSE,PAUSE
E,6.0,6.0,WIGGLE,WIGGLE
E,1.0,1.0,PAUSE,PAUSE
E,6.0,6.0,WIGGLE,WIGGLE
E,14.0,14.0,ROTATE,ROTATE
E,6.0,6.0,WIGGLE,WIGGLE
E,8.0,inf,WIGGLE,INF
E,6.0,6.0,WIGGLE,WIGGLE
E,7.0,6.0,WIGGLE,WIGGLE
E,6.0,6.0,WIGGLE,WIGGLE
E,7.0,7.0,WIGGLE,WIGGLE
E,6.0,6.0,WIGGLE,WIGGLE
E,5.0,7.0,WIGGLE,WIGGLE
E,6.0,6.0,WIGGLE,WIGGLE
E,6.0,7.0,WIGGLE,WIGGLE
E,6.0,6.0,WIGGLE,WIGGLE
E,5.0,7.0,WIGGLE,WIGGLE
E,6.0,6.0,WIGGLE,WIGGLE
E,10.0,7.0,CIRCLE,WIGGLE
E,6.0,6.0,WIGGLE,WIGGLE
E,10.0,7.0,CIRCLE,WIGGLE
E,6.0,6.0,WIGGLE,WIGGLE
E,5.0,7.0,WIGGLE,WIGGLE
E,1.0,1.0,PAUSE,PAUSE
E,5.0,7.0,WIGGLE,WIGGLE
E,1.0,1.0,PAUSE,PAUSE
E,5.0,5.0,WIGGLE,WIGGLE
E,1.0,1.0,PAUSE,PAUSE
E,1.0,1.0,PAUSE,PAUSE
E,9.0,7.0,WIGGLE,WIGGLE
E,6.0,inf,WIGGLE,INF
E,6.0,6.0,WIGGLE,WIGGLE
E,6.0,7.0,WIGGLE,WIGGLE
E,6.0,inf,WIGGLE,INF
E,6.0,inf,WIGGLE,INF
E,1.0,1.0,PAUSE,PAUSE
E,1.0,1.0,PAUSE,PAUSE
E,1.0,1.0,PAUSE,PAUSE
E,12.0,7.0,LINE,WIGGLE
E,1.0,7.0,PAUSE,WIGGLE
E,5.0,5.0,WIGGLE,WIGGLE
E,6.0,7.0,WIGGLE,WIGGLE
E,7.0,7.0,WIGGLE,WIGGLE
E,6.0,7.0,WIGGLE,WIGGLE
E,5.0,7.0,WIGGLE,WIGGLE
E,6.0,7.0,WIGGLE,WIGGLE
E,5.0,7.0,WIGGLE,WIGGLE
E,1.0,1.0,PAUSE,PAUSE
E,7.0,7.0,WIGGLE,WIGGLE
E,6.0,7.0,WIGGLE,WIGGLE
E,5.0,7.0,WIGGLE,WIGGLE
E,1.0,1.0,PAUSE,PAUSE
E,6.0,7.0,WIGGLE,WIGGLE
E,6.0,7.0,WIGGLE,WIGGLE
E,6.0,7.0,WIGGLE,WIGGLE
E,1.0,1.0,PAUSE,PAUSE
E,6.0,7.0,WIGGLE,WIGGLE
E,1.0,1.0,PAUSE,PAUSE
T,1.0,1.0,PAUSE,PAUSE
T,1.0,1.0,PAUSE,PAUSE
T,1.0,1.0,PAUSE,PAUSE
T,1.0,1.0,PAUSE,PAUSE
T,5.0,inf,WIGGLE,INF
T,2.0,2.0,ROTATE,ROTATE
T,1.0,1.0,PAUSE,PAUSE
T,2.0,2.0,ROTATE,ROTATE
T,2.0,2.0,ROTATE,ROTATE
T,1.0,1.0,PAUSE,PAUSE
T,6.0,6.0,WIGGLE,WIGGLE
T,1.0,1.0,PAUSE,PAUSE
T,1.0,1.0,PAUSE,PAUSE
T,5.0,7.0,WIGGLE,WIGGLE
T,1.0,1.0,PAUSE,PAUSE
T,1.0,1.0,PAUSE,PAUSE
T,2.0,2.0,ROTATE,ROTATE
T,5.0,7.0,WIGGLE,WIGGLE
T,1.0,1.0,PAUSE,PAUSE
T,5.0,7.0,WIGGLE,WIGGLE
T,1.0,1.0,PAUSE,PAUSE
T,1.0,1.0,PAUSE,PAUSE
T,1.0,1.0,PAUSE,PAUSE
T,5.0,7.0,WIGGLE,WIGGLE
T,1.0,1.0,PAUSE,PAUSE
T,7.0,inf,WIGGLE,INF
T,14.0,14.0,ROTATE,ROTATE
T,6.0,6.0,WIGGLE,WIGGLE
T,5.0,inf,WIGGLE,INF
T,1.0,1.0,PAUSE,PAUSE
T,7.0,7.0,WIGGLE,WIGGLE
T,7.0,7.0,WIGGLE,WIGGLE
T,7.0,7.0,WIGGLE,WIGGLE
T,7.0,7.0,WIGGLE,WIGGLE
T,7.0,7.0,WIGGLE,WIGGLE
T,7.0,7.0,WIGGLE,WIGGLE
T,7.0,7.0,WIGGLE,WIGGLE
T,7.0,7.0,WIGGLE,WIGGLE
T,7.0,7.0,WIGGLE,WIGGLE
T,7.0,7.0,WIGGLE,WIGGLE
T,7.0,7.0,WIGGLE,WIGGLE
T,7.0,7.0,WIGGLE,WIGGLE
T,7.0,7.0,WIGGLE,WIGGLE
T,7.0,7.0,WIGGLE,WIGGLE
T,7.0,7.0,WIGGLE,WIGGLE
T,1.0,1.0,PAUSE,PAUSE
T,7.0,7.0,WIGGLE,WIGGLE
T,1.0,1.0,PAUSE,PAUSE
T,7.0,7.0,WIGGLE,WIGGLE
T,1.0,1.0,PAUSE,PAUSE
T,1.0,1.0,PAUSE,PAUSE
T,7.0,7.0,WIGGLE,WIGGLE
T,7.0,7.0,WIGGLE,WIGGLE
T,7.0,7.0,WIGGLE,WIGGLE
T,7.0,7.0,WIGGLE,WIGGLE
T,7.0,7.0,WIGGLE,WIGGLE
T,7.0,7.0,WIGGLE,WIGGLE
T,1.0,1.0,PAUSE,PAUSE
T,1.0,1.0,PAUSE,PAUSE
T,1.0,1.0,PAUSE,PAUSE
T,7.0,7.0,WIGGLE,WIGGLE
T,7.0,7.0,WIGGLE,WIGGLE
T,7.0,7.0,WIGGLE,WIGGLE
T,7.0,7.0,WIGGLE,WIGGLE
T,7.0,7.0,WIGGLE,WIGGLE
T,7.0,7.0,WIGGLE,WIGGLE
T,7.0,inf,WIGGLE,INF
T,7.0,7.0,WIGGLE,WIGGLE
T,7.0,7.0,WIGGLE,WIGGLE
T,1.0,1.0,PAUSE,PAUSE
T,7.0,7.0,WIGGLE,WIGGLE
T,7.0,7.0,WIGGLE,WIGGLE
T,7.0,7.0,WIGGLE,WIGGLE
T,1.0,1.0,PAUSE,PAUSE
T,7.0,7.0,WIGGLE,WIGGLE
T,7.0,7.0,WIGGLE,WIGGLE
T,7.0,7.0,WIGGLE,WIGGLE
T,1.0,1.0,PAUSE,PAUSE
T,7.0,7.0,WIGGLE,WIGGLE
T,1.0,1.0,PAUSE,PAUSE
P,1.0,1.0,PAUSE,PAUSE
P,1.0,1.0,PAUSE,PAUSE
P,1.0,1.0,PAUSE,PAUSE
P,1.0,1.0,PAUSE,PAUSE
P,2.0,2.0,ROTATE,ROTATE
P,2.0,2.0,ROTATE,ROTATE
P,1.0,1.0,PAUSE,PAUSE
P,2.0,2.0,ROTATE,ROTATE
P,1.0,1.0,PAUSE,PAUSE
P,1.0,1.0,PAUSE,PAUSE
P,7.0,7.0,WIGGLE,WIGGLE
P,1.0,1.0,PAUSE,PAUSE
P,1.0,1.0,PAUSE,PAUSE
P,7.0,7.0,WIGGLE,WIGGLE
P,1.0,1.0,PAUSE,PAUSE
P,1.0,1.0,PAUSE,PAUSE
P,2.0,2.0,ROTATE,ROTATE
P,7.0,7.0,WIGGLE,WIGGLE
P,1.0,1.0,PAUSE,PAUSE
P,7.0,7.0,WIGGLE,WIGGLE
P,1.0,1.0,PAUSE,PAUSE
P,1.0,1.0,PAUSE,PAUSE
P,1.0,1.0,PAUSE,PAUSE
P,7.0,7.0,WIGGLE,WIGGLE
P,1.0,1.0,PAUSE,PAUSE
P,1.0,1.0,PAUSE,PAUSE
P,6.0,7.0,WIGGLE,WIGGLE
P,7.0,7.0,WIGGLE,WIGGLE
P,5.0,7.0,WIGGLE,WIGGLE
P,1.0,1.0,PAUSE,PAUSE
P,6.0,7.0,WIGGLE,WIGGLE
P,7.0,7.0,WIGGLE,WIGGLE
P,5.0,7.0,WIGGLE,WIGGLE
P,7.0,7.0,WIGGLE,WIGGLE
P,5.0,7.0,WIGGLE,WIGGLE
P,7.0,7.0,WIGGLE,WIGGLE
P,7.0,7.0,WIGGLE,WIGGLE
P,7.0,7.0,WIGGLE,WIGGLE
P,7.0,7.0,WIGGLE,WIGGLE
P,7.0,7.0,WIGGLE,WIGGLE
P,7.0,7.0,WIGGLE,WIGGLE
P,7.0,7.0,WIGGLE,WIGGLE
P,7.0,7.0,WIGGLE,WIGGLE
P,7.0,7.0,WIGGLE,WIGGLE
P,7.0,7.0,WIGGLE,WIGGLE
P,1.0,1.0,PAUSE,PAUSE
P,7.0,7.0,WIGGLE,WIGGLE
P,1.0,1.0,PAUSE,PAUSE
P,7.0,7.0,WIGGLE,WIGGLE
P,1.0,1.0,PAUSE,PAUSE
P,1.0,1.0,PAUSE,PAUSE
P,7.0,7.0,WIGGLE,WIGGLE
P,7.0,7.0,WIGGLE,WIGGLE
P,7.0,7.0,WIGGLE,WIGGLE
P,7.0,7.0,WIGGLE,WIGGLE
P,7.0,7.0,WIGGLE,WIGGLE
P,7.0,7.0,WIGGLE,WIGGLE
P,1.0,1.0,PAUSE,PAUSE
P,1.0,1.0,PAUSE,PAUSE
P,1.0,1.0,PAUSE,PAUSE
P,7.0,7.0,WIGGLE,WIGGLE
P,7.0,7.0,WIGGLE,WIGGLE
P,7.0,7.0,WIGGLE,WIGGLE
P,7.0,7.0,WIGGLE,WIGGLE
P,7.0,7.0,WIGGLE,WIGGLE
P,7.0,7.0,WIGGLE,WIGGLE
P,7.0,7.0,WIGGLE,WIGGLE
P,7.0,7.0,WIGGLE,WIGGLE
P,7.0,7.0,WIGGLE,WIGGLE
P,1.0,1.0,PAUSE,PAUSE
P,7.0,7.0,WIGGLE,WIGGLE
P,7.0,7.0,WIGGLE,WIGGLE
P,7.0,7.0,WIGGLE,WIGGLE
P,1.0,1.0,PAUSE,PAUSE
P,7.0,7.0,WIGGLE,WIGGLE
P,7.0,7.0,WIGGLE,WIGGLE
P,7.0,7.0,WIGGLE,WIGGLE
P,1.0,1.0,PAUSE,PAUSE
P,7.0,7.0,WIGGLE,WIGGLE
P,1.0,1.0,PAUSE,PAUSE
D,1.0,1.0,PAUSE,PAUSE
D,1.0,1.0,PAUSE,PAUSE
D,1.0,1.0,PAUSE,PAUSE
D,1.0,1.0,PAUSE,PAUSE
D,2.0,2.0,ROTATE,ROTATE
D,2.0,2.0,ROTATE,ROTATE
D,1.0,1.0,PAUSE,PAUSE
D,2.0,2.0,ROTATE,ROTATE
D,2.0,2.0,ROTATE,ROTATE
D,1.0,1.0,PAUSE,PAUSE
D,12.0,12.0,LINE,LINE
D,1.0,1.0,PAUSE,PAUSE
D,1.0,1.0,PAUSE,PAUSE
D,1.0,1.0,PAUSE,PAUSE
D,1.0,1.0,PAUSE,PAUSE
D,1.0,1.0,PAUSE,PAUSE
D,2.0,2.0,ROTATE,ROTATE
D,12.0,1.0,LINE,PAUSE
D,1.0,1.0,PAUSE,PAUSE
D,1.0,1.0,PAUSE,PAUSE
D,1.0,1.0,PAUSE,PAUSE
D,1.0,1.0,PAUSE,PAUSE
D,1.0,1.0,PAUSE,PAUSE
D,3.0,1.0,LINE,PAUSE
D,1.0,1.0,PAUSE,PAUSE
D,1.0,inf,PAUSE,INF
D,14.0,14.0,ROTATE,ROTATE
D,1.0,1.0,PAUSE,PAUSE
D,12.0,12.0,LINE,LINE
D,1.0,1.0,PAUSE,PAUSE
D,12.0,12.0,LINE,LINE
D,6.0,6.0,WIGGLE,WIGGLE
D,6.0,6.0,WIGGLE,WIGGLE
D,5.0,8.0,WIGGLE,WIGGLE
D,12.0,12.0,LINE,LINE
D,5.0,8.0,WIGGLE,WIGGLE
D,12.0,12.0,LINE,LINE
D,5.0,8.0,WIGGLE,WIGGLE
D,inf,inf,INF,INF
D,1.0,8.0,PAUSE,WIGGLE
D,12.0,12.0,LINE,LINE
D,12.0,8.0,LINE,WIGGLE
D,12.0,12.0,LINE,LINE
D,5.0,5.0,WIGGLE,WIGGLE
D,12.0,5.0,LINE,WIGGLE
D,1.0,1.0,PAUSE,PAUSE
D,3.0,7.0,LINE,WIGGLE
D,1.0,1.0,PAUSE,PAUSE
D,6.0,6.0,WIGGLE,WIGGLE
D,1.0,1.0,PAUSE,PAUSE
D,1.0,1.0,PAUSE,PAUSE
D,12.0,8.0,LINE,WIGGLE
D,3.0,7.0,LINE,WIGGLE
D,12.0,12.0,LINE,LINE
D,12.0,12.0,LINE,LINE
D,12.0,12.0,LINE,LINE
D,3.0,7.0,LINE,WIGGLE
D,1.0,1.0,PAUSE,PAUSE
D,1.0,1.0,PAUSE,PAUSE
D,1.0,1.0,PAUSE,PAUSE
D,5.0,5.0,WIGGLE,WIGGLE
D,3.0,8.0,LINE,WIGGLE
D,3.0,4.0,LINE,LINE
D,12.0,8.0,LINE,WIGGLE
D,5.0,5.0,WIGGLE,WIGGLE
D,3.0,8.0,LINE,WIGGLE
D,3.0,4.0,LINE,LINE
D,3.0,8.0,LINE,WIGGLE
D,3.0,4.0,LINE,LINE
D,1.0,1.0,PAUSE,PAUSE
D,12.0,12.0,LINE,LINE
D,12.0,12.0,LINE,LINE
D,3.0,4.0,LINE,LINE
D,1.0,1.0,PAUSE,PAUSE
D,12.0,12.0,LINE,LINE
D,12.0,12.0,LINE,LINE
D,3.0,4.0,LINE,LINE
D,1.0,1.0,PAUSE,PAUSE
D,7.0,7.0,WIGGLE,WIGGLE
D,1.0,1.0,PAUSE,PAUSE
C,1.0,1.0,PAUSE,PAUSE
C,1.0,1.0,PAUSE,PAUSE
C,1.0,1.0,PAUSE,PAUSE
C,1.0,1.0,PAUSE,PAUSE
C,2.0,2.0,ROTATE,ROTATE
C,2.0,2.0,ROTATE,ROTATE
C,1.0,1.0,PAUSE,PAUSE
C,2.0,2.0,ROTATE,ROTATE
C,2.0,2.0,ROTATE,ROTATE
C,1.0,1.0,PAUSE,PAUSE
C,12.0,12.0,LINE,LINE
C,1.0,inf,PAUSE,INF
C,1.0,1.0,PAUSE,PAUSE
C,5.0,15.0,WIGGLE,WIGGLE
C,1.0,inf,PAUSE,INF
C,1.0,1.0,PAUSE,PAUSE
C,2.0,2.0,ROTATE,ROTATE
C,5.0,4.0,WIGGLE,LINE
C,1.0,1.0,PAUSE,PAUSE
C,5.0,5.0,WIGGLE,WIGGLE
C,1.0,1.0,PAUSE,PAUSE
C,1.0,inf,PAUSE,INF
C,1.0,1.0,PAUSE,PAUSE
C,3.0,5.0,LINE,WIGGLE
C,1.0,1.0,PAUSE,PAUSE
C,3.0,4.0,LINE,LINE
C,12.0,12.0,LINE,LINE
C,5.0,5.0,WIGGLE,WIGGLE
C,5.0,5.0,WIGGLE,WIGGLE
C,1.0,5.0,PAUSE,WIGGLE
C,12.0,12.0,LINE,LINE
C,5.0,5.0,WIGGLE,WIGGLE
C,5.0,5.0,WIGGLE,WIGGLE
C,5.0,6.0,WIGGLE,WIGGLE
C,5.0,5.0,WIGGLE,WIGGLE
C,5.0,6.0,WIGGLE,WIGGLE
C,5.0,5.0,WIGGLE,WIGGLE
C,6.0,6.0,WIGGLE,WIGGLE
C,3.0,4.0,LINE,LINE
C,6.0,6.0,WIGGLE,WIGGLE
C,6.0,6.0,WIGGLE,WIGGLE
C,6.0,6.0,WIGGLE,WIGGLE
C,5.0,5.0,WIGGLE,WIGGLE
C,6.0,6.0,WIGGLE,WIGGLE
C,5.0,6.0,WIGGLE,WIGGLE
C,1.0,1.0,PAUSE,PAUSE
C,5.0,15.0,WIGGLE,WIGGLE
C,1.0,1.0,PAUSE,PAUSE
C,5.0,5.0,WIGGLE,WIGGLE
C,1.0,1.0,PAUSE,PAUSE
C,1.0,1.0,PAUSE,PAUSE
C,6.0,8.0,WIGGLE,WIGGLE
C,5.0,7.0,WIGGLE,WIGGLE
C,5.0,5.0,WIGGLE,WIGGLE
C,5.0,7.0,WIGGLE,WIGGLE
C,5.0,1.0,WIGGLE,PAUSE
C,5.0,1.0,WIGGLE,PAUSE
C,5.0,5.0,WIGGLE,WIGGLE
C,1.0,1.0,PAUSE,PAUSE
C,1.0,1.0,PAUSE,PAUSE
C,6.0,6.0,WIGGLE,WIGGLE
C,5.0,5.0,WIGGLE,WIGGLE
C,6.0,6.0,WIGGLE,WIGGLE
C,5.0,6.0,WIGGLE,WIGGLE
C,12.0,12.0,LINE,LINE
C,6.0,6.0,WIGGLE,WIGGLE
C,12.0,12.0,LINE,LINE
C,5.0,inf,WIGGLE,INF
C,5.0,6.0,WIGGLE,WIGGLE
C,5.0,5.0,WIGGLE,WIGGLE
C,12.0,12.0,LINE,LINE
C,5.0,5.0,WIGGLE,WIGGLE
C,5.0,5.0,WIGGLE,WIGGLE
C,6.0,6.0,WIGGLE,WIGGLE
C,12.0,12.0,LINE,LINE
C,6.0,6.0,WIGGLE,WIGGLE
C,12.0,12.0,LINE,LINE
C,1.0,1.0,PAUSE,PAUSE
C,5.0,1.0,WIGGLE,PAUSE
C,1.0,1.0,PAUSE,PAUSE
X,1.0,1.0,PAUSE,PAUSE
X,1.0,1.0,PAUSE,PAUSE
X,1.0,1.0,PAUSE,PAUSE
X,1.0,1.0,PAUSE,PAUSE
X,2.0,2.0,ROTATE,ROTATE
X,2.0,2.0,ROTATE,ROTATE
X,1.0,1.0,PAUSE,PAUSE
X,2.0,2.0,ROTATE,ROTATE
X,2.0,2.0,ROTATE,ROTATE
X,1.0,1.0,PAUSE,PAUSE
X,5.0,6.0,WIGGLE,WIGGLE
X,1.0,5.0,PAUSE,WIGGLE
X,1.0,1.0,PAUSE,PAUSE
X,5.0,1.0,WIGGLE,PAUSE
X,1.0,1.0,PAUSE,PAUSE
X,1.0,1.0,PAUSE,PAUSE
X,2.0,2.0,ROTATE,ROTATE
X,7.0,7.0,WIGGLE,WIGGLE
X,1.0,1.0,PAUSE,PAUSE
X,1.0,1.0,PAUSE,PAUSE
X,1.0,1.0,PAUSE,PAUSE
X,1.0,1.0,PAUSE,PAUSE
X,1.0,1.0,PAUSE,PAUSE
X,7.0,7.0,WIGGLE,WIGGLE
X,1.0,1.0,PAUSE,PAUSE
X,3.0,7.0,LINE,WIGGLE
X,6.0,8.0,WIGGLE,WIGGLE
X,7.0,7.0,WIGGLE,WIGGLE
X,7.0,7.0,WIGGLE,WIGGLE
X,1.0,1.0,PAUSE,PAUSE
X,7.0,7.0,WIGGLE,WIGGLE
X,7.0,7.0,WIGGLE,WIGGLE
X,7.0,7.0,WIGGLE,WIGGLE
X,7.0,7.0,WIGGLE,WIGGLE
X,7.0,7.0,WIGGLE,WIGGLE
X,7.0,7.0,WIGGLE,WIGGLE
X,7.0,7.0,WIGGLE,WIGGLE
X,5.0,7.0,WIGGLE,WIGGLE
X,7.0,7.0,WIGGLE,WIGGLE
X,7.0,7.0,WIGGLE,WIGGLE
X,7.0,7.0,WIGGLE,WIGGLE
X,7.0,7.0,WIGGLE,WIGGLE
X,7.0,7.0,WIGGLE,WIGGLE
X,7.0,7.0,WIGGLE,WIGGLE
X,7.0,7.0,WIGGLE,WIGGLE
X,1.0,1.0,PAUSE,PAUSE
X,7.0,7.0,WIGGLE,WIGGLE
X,1.0,1.0,PAUSE,PAUSE
X,7.0,7.0,WIGGLE,WIGGLE
X,1.0,1.0,PAUSE,PAUSE
X,1.0,1.0,PAUSE,PAUSE
X,7.0,7.0,WIGGLE,WIGGLE
X,7.0,7.0,WIGGLE,WIGGLE
X,7.0,7.0,WIGGLE,WIGGLE
X,7.0,7.0,WIGGLE,WIGGLE
X,7.0,7.0,WIGGLE,WIGGLE
X,7.0,7.0,WIGGLE,WIGGLE
X,1.0,1.0,PAUSE,PAUSE
X,1.0,1.0,PAUSE,PAUSE
X,1.0,1.0,PAUSE,PAUSE
X,7.0,7.0,WIGGLE,WIGGLE
X,7.0,7.0,WIGGLE,WIGGLE
X,7.0,7.0,WIGGLE,WIGGLE
X,7.0,7.0,WIGGLE,WIGGLE
X,7.0,7.0,WIGGLE,WIGGLE
X,7.0,7.0,WIGGLE,WIGGLE
X,7.0,7.0,WIGGLE,WIGGLE
X,7.0,7.0,WIGGLE,WIGGLE
X,7.0,7.0,WIGGLE,WIGGLE
X,1.0,1.0,PAUSE,PAUSE
X,7.0,7.0,WIGGLE,WIGGLE
X,7.0,7.0,WIGGLE,WIGGLE
X,7.0,7.0,WIGGLE,WIGGLE
X,1.0,1.0,PAUSE,PAUSE
X,7.0,7.0,WIGGLE,WIGGLE
X,7.0,7.0,WIGGLE,WIGGLE
X,7.0,7.0,WIGGLE,WIGGLE
X,1.0,1.0,PAUSE,PAUSE
X,7.0,7.0,WIGGLE,WIGGLE
X,1.0,1.0,PAUSE,PAUSE
J,1.0,1.0,PAUSE,PAUSE
J,1.0,1.0,PAUSE,PAUSE
J,1.0,1.0,PAUSE,PAUSE
J,1.0,1.0,PAUSE,PAUSE
J,2.0,2.0,ROTATE,ROTATE
J,2.0,2.0,ROTATE,ROTATE
J,2.0,2.0,ROTATE,ROTATE
J,2.0,2.0,ROTATE,ROTATE
J,2.0,2.0,ROTATE,ROTATE
J,1.0,1.0,PAUSE,PAUSE
J,3.0,4.0,LINE,LINE
J,1.0,4.0,PAUSE,LINE
J,1.0,inf,PAUSE,INF
J,1.0,1.0,PAUSE,PAUSE
J,2.0,inf,ROTATE,INF
J,1.0,1.0,PAUSE,PAUSE
J,2.0,2.0,ROTATE,ROTATE
J,1.0,12.0,PAUSE,LINE
J,1.0,1.0,PAUSE,PAUSE
J,1.0,1.0,PAUSE,PAUSE
J,1.0,1.0,PAUSE,PAUSE
J,1.0,1.0,PAUSE,PAUSE
J,1.0,1.0,PAUSE,PAUSE
J,5.0,5.0,WIGGLE,WIGGLE
J,1.0,1.0,PAUSE,PAUSE
J,14.0,14.0,ROTATE,ROTATE
J,14.0,14.0,ROTATE,ROTATE
J,1.0,1.0,PAUSE,PAUSE
J,13.0,10.0,CIRCLE,CIRCLE
J,1.0,1.0,PAUSE,PAUSE
J,3.0,inf,LINE,INF
J,13.0,inf,CIRCLE,INF
J,5.0,5.0,WIGGLE,WIGGLE
J,5.0,5.0,WIGGLE,WIGGLE
J,5.0,5.0,WIGGLE,WIGGLE
J,5.0,5.0,WIGGLE,WIGGLE
J,5.0,5.0,WIGGLE,WIGGLE
J,5.0,5.0,WIGGLE,WIGGLE
J,5.0,5.0,WIGGLE,WIGGLE
J,5.0,5.0,WIGGLE,WIGGLE
J,5.0,5.0,WIGGLE,WIGGLE
J,5.0,5.0,WIGGLE,WIGGLE
J,12.0,12.0,LINE,LINE
J,12.0,12.0,LINE,LINE
J,5.0,5.0,WIGGLE,WIGGLE
J,1.0,1.0,PAUSE,PAUSE
J,7.0,7.0,WIGGLE,WIGGLE
J,1.0,1.0,PAUSE,PAUSE
J,12.0,12.0,LINE,LINE
J,1.0,1.0,PAUSE,PAUSE
J,1.0,1.0,PAUSE,PAUSE
J,5.0,8.0,WIGGLE,WIGGLE
J,7.0,7.0,WIGGLE,WIGGLE
J,5.0,5.0,WIGGLE,WIGGLE
J,7.0,7.0,WIGGLE,WIGGLE
J,6.0,inf,WIGGLE,INF
J,12.0,12.0,LINE,LINE
J,1.0,1.0,PAUSE,PAUSE
J,1.0,1.0,PAUSE,PAUSE
J,1.0,1.0,PAUSE,PAUSE
J,5.0,5.0,WIGGLE,WIGGLE
J,5.0,5.0,WIGGLE,WIGGLE
J,3.0,4.0,LINE,LINE
J,5.0,5.0,WIGGLE,WIGGLE
J,3.0,12.0,LINE,LINE
J,5.0,5.0,WIGGLE,WIGGLE
J,5.0,5.0,WIGGLE,WIGGLE
J,5.0,5.0,WIGGLE,WIGGLE
J,5.0,5.0,WIGGLE,WIGGLE
J,1.0,1.0,PAUSE,PAUSE
J,5.0,1.0,WIGGLE,PAUSE
J,5.0,5.0,WIGGLE,WIGGLE
J,5.0,5.0,WIGGLE,WIGGLE
J,1.0,1.0,PAUSE,PAUSE
J,12.0,12.0,LINE,LINE
J,5.0,1.0,WIGGLE,PAUSE
J,5.0,5.0,WIGGLE,WIGGLE
J,1.0,1.0,PAUSE,PAUSE
J,5.0,7.0,WIGGLE,WIGGLE
J,1.0,1.0,PAUSE,PAUSE
Q,1.0,1.0,PAUSE,PAUSE
Q,1.0,1.0,PAUSE,PAUSE
Q,1.0,1.0,PAUSE,PAUSE
Q,1.0,1.0,PAUSE,PAUSE
Q,2.0,2.0,ROTATE,ROTATE
Q,2.0,2.0,ROTATE,ROTATE
Q,1.0,1.0,PAUSE,PAUSE
Q,2.0,2.0,ROTATE,ROTATE
Q,2.0,2.0,ROTATE,ROTATE
Q,1.0,1.0,PAUSE,PAUSE
Q,3.0,1.0,LINE,PAUSE
Q,1.0,1.0,PAUSE,PAUSE
Q,1.0,1.0,PAUSE,PAUSE
Q,6.0,6.0,WIGGLE,WIGGLE
Q,1.0,1.0,PAUSE,PAUSE
Q,1.0,1.0,PAUSE,PAUSE
Q,1.0,1.0,PAUSE,PAUSE
Q,6.0,6.0,WIGGLE,WIGGLE
Q,1.0,1.0,PAUSE,PAUSE
Q,7.0,6.0,WIGGLE,WIGGLE
Q,1.0,1.0,PAUSE,PAUSE
Q,1.0,1.0,PAUSE,PAUSE
Q,1.0,1.0,PAUSE,PAUSE
Q,7.0,6.0,WIGGLE,WIGGLE
Q,1.0,1.0,PAUSE,PAUSE
Q,12.0,12.0,LINE,LINE
Q,14.0,14.0,ROTATE,ROTATE
Q,7.0,7.0,WIGGLE,WIGGLE
Q,5.0,7.0,WIGGLE,WIGGLE
Q,1.0,1.0,PAUSE,PAUSE
Q,6.0,5.0,WIGGLE,WIGGLE
Q,7.0,7.0,WIGGLE,WIGGLE
Q,5.0,7.0,WIGGLE,WIGGLE
Q,7.0,7.0,WIGGLE,WIGGLE
Q,5.0,7.0,WIGGLE,WIGGLE
Q,7.0,7.0,WIGGLE,WIGGLE
Q,7.0,7.0,WIGGLE,WIGGLE
Q,7.0,7.0,WIGGLE,WIGGLE
Q,7.0,7.0,WIGGLE,WIGGLE
Q,7.0,7.0,WIGGLE,WIGGLE
Q,7.0,7.0,WIGGLE,WIGGLE
Q,7.0,7.0,WIGGLE,WIGGLE
Q,7.0,7.0,WIGGLE,WIGGLE
Q,7.0,7.0,WIGGLE,WIGGLE
Q,7.0,7.0,WIGGLE,WIGGLE
Q,1.0,1.0,PAUSE,PAUSE
Q,7.0,7.0,WIGGLE,WIGGLE
Q,1.0,1.0,PAUSE,PAUSE
Q,7.0,7.0,WIGGLE,WIGGLE
Q,1.0,1.0,PAUSE,PAUSE
Q,1.0,1.0,PAUSE,PAUSE
Q,7.0,7.0,WIGGLE,WIGGLE
Q,7.0,7.0,WIGGLE,WIGGLE
Q,7.0,7.0,WIGGLE,WIGGLE
Q,7.0,7.0,WIGGLE,WIGGLE
Q,7.0,7.0,WIGGLE,WIGGLE
Q,7.0,7.0,WIGGLE,WIGGLE
Q,1.0,1.0,PAUSE,PAUSE
Q,1.0,1.0,PAUSE,PAUSE
Q,1.0,1.0,PAUSE,PAUSE
Q,7.0,7.0,WIGGLE,WIGGLE
Q,7.0,7.0,WIGGLE,WIGGLE
Q,7.0,7.0,WIGGLE,WIGGLE
Q,7.0,7.0,WIGGLE,WIGGLE
Q,7.0,7.0,WIGGLE,WIGGLE
Q,7.0,7.0,WIGGLE,WIGGLE
Q,7.0,7.0,WIGGLE,WIGGLE
Q,7.0,7.0,WIGGLE,WIGGLE
Q,7.0,7.0,WIGGLE,WIGGLE
Q,1.0,1.0,PAUSE,PAUSE
Q,7.0,7.0,WIGGLE,WIGGLE
Q,7.0,7.0,WIGGLE,WIGGLE
Q,inf,inf,INF,INF
Q,1.0,1.0,PAUSE,PAUSE
Q,7.0,7.0,WIGGLE,WIGGLE
Q,7.0,7.0,WIGGLE,WIGGLE
Q,7.0,7.0,WIGGLE,WIGGLE
Q,1.0,1.0,PAUSE,PAUSE
Q,7.0,7.0,WIGGLE,WIGGLE
Q,1.0,1.0,PAUSE,PAUSE
G,1.0,1.0,PAUSE,PAUSE
G,1.0,1.0,PAUSE,PAUSE
G,1.0,1.0,PAUSE,PAUSE
G,1.0,1.0,PAUSE,PAUSE
G,2.0,2.0,ROTATE,ROTATE
G,2.0,2.0,ROTATE,ROTATE
G,1.0,1.0,PAUSE,PAUSE
G,2.0,2.0,ROTATE,ROTATE
G,2.0,2.0,ROTATE,ROTATE
G,1.0,1.0,PAUSE,PAUSE
G,5.0,5.0,WIGGLE,WIGGLE
G,1.0,1.0,PAUSE,PAUSE
G,5.0,5.0,WIGGLE,WIGGLE
G,7.0,7.0,WIGGLE,WIGGLE
G,1.0,1.0,PAUSE,PAUSE
G,1.0,1.0,PAUSE,PAUSE
G,2.0,2.0,ROTATE,ROTATE
G,7.0,7.0,WIGGLE,WIGGLE
G,1.0,5.0,PAUSE,WIGGLE
G,7.0,5.0,WIGGLE,WIGGLE
G,5.0,5.0,WIGGLE,WIGGLE
G,1.0,1.0,PAUSE,PAUSE
G,5.0,5.0,WIGGLE,WIGGLE
G,7.0,7.0,WIGGLE,WIGGLE
G,5.0,5.0,WIGGLE,WIGGLE
G,5.0,5.0,WIGGLE,WIGGLE
G,5.0,5.0,WIGGLE,WIGGLE
G,5.0,5.0,WIGGLE,WIGGLE
G,5.0,5.0,WIGGLE,WIGGLE
G,1.0,1.0,PAUSE,PAUSE
G,5.0,5.0,WIGGLE,WIGGLE
G,5.0,5.0,WIGGLE,WIGGLE
G,5.0,5.0,WIGGLE,WIGGLE
G,5.0,5.0,WIGGLE,WIGGLE
G,5.0,5.0,WIGGLE,WIGGLE
G,5.0,5.0,WIGGLE,WIGGLE
G,5.0,5.0,WIGGLE,WIGGLE
G,5.0,5.0,WIGGLE,WIGGLE
G,5.0,5.0,WIGGLE,WIGGLE
G,5.0,5.0,WIGGLE,WIGGLE
G,5.0,5.0,WIGGLE,WIGGLE
G,5.0,5.0,WIGGLE,WIGGLE
G,5.0,5.0,WIGGLE,WIGGLE
G,5.0,5.0,WIGGLE,WIGGLE
G,5.0,5.0,WIGGLE,WIGGLE
G,1.0,1.0,PAUSE,PAUSE
G,5.0,1.0,WIGGLE,PAUSE
G,1.0,1.0,PAUSE,PAUSE
G,5.0,5.0,WIGGLE,WIGGLE
G,1.0,1.0,PAUSE,PAUSE
G,5.0,5.0,WIGGLE,WIGGLE
G,1.0,1.0,PAUSE,PAUSE
G,inf,inf,INF,INF
G,5.0,5.0,WIGGLE,WIGGLE
G,3.0,1.0,LINE,PAUSE
G,1.0,1.0,PAUSE,PAUSE
G,5.0,inf,WIGGLE,INF
G,1.0,1.0,PAUSE,PAUSE
G,1.0,1.0,PAUSE,PAUSE
G,1.0,1.0,PAUSE,PAUSE
G,5.0,5.0,WIGGLE,WIGGLE
G,5.0,5.0,WIGGLE,WIGGLE
G,5.0,5.0,WIGGLE,WIGGLE
G,5.0,5.0,WIGGLE,WIGGLE
G,5.0,5.0,WIGGLE,WIGGLE
G,5.0,5.0,WIGGLE,WIGGLE
G,5.0,5.0,WIGGLE,WIGGLE
G,5.0,5.0,WIGGLE,WIGGLE
G,5.0,5.0,WIGGLE,WIGGLE
G,1.0,1.0,PAUSE,PAUSE
G,5.0,5.0,WIGGLE,WIGGLE
G,5.0,5.0,WIGGLE,WIGGLE
G,5.0,5.0,WIGGLE,WIGGLE
G,1.0,1.0,PAUSE,PAUSE
G,5.0,5.0,WIGGLE,WIGGLE
G,5.0,5.0,WIGGLE,WIGGLE
G,5.0,5.0,WIGGLE,WIGGLE
G,1.0,1.0,PAUSE,PAUSE
G,6.0,6.0,WIGGLE,WIGGLE
G,1.0,1.0,PAUSE,PAUSE
